file	kind	bytes	records	sha256
all_questions.jsonl	question_merged	110424076	80162	c88e2246f30c5dc209e2aea2dbb8acab17230c88348fa018bade8e59f0e38c4b
endpoint_report.tsv	endpoint_report	355		8bea825514df02e8460683b30d625283651835e3c3faa2349c52dac3c7c97fc1
endpoint_report2.tsv	endpoint_report	1839		daee518c097ffd6350ef90ac6e2b409ec828e0288c1ce2b259337e36a78d1e15
endpoint_report3.tsv	endpoint_report	2796		72387d0755f594e4a40da8254221e8a543deb49be6f181ddf8995ca3e97bbd1a
endpoint_report4.tsv	endpoint_report	2312		e06831e780d881b7b82e39dd2667ba15c6126e86c288e8b24a79ce55500a269a
one_shot/bookstore_book-list-new_.json	endpoint_sample	8948	ERR	303f8e95dda512eb059f86ebbcd45eb3bca1c62e727e32a3f26ce7122a2b0137
one_shot/faculty_service_get_faculty.json	endpoint_sample	4760	13	87fc14130d0c1160b511219c1d876b1ad60314ab4aa27679571284ebd94a5162
one_shot/profile.json	endpoint_sample	0	ERR	e3b0c44298fc1c149afbf4c8996fb92427ae41e4649b934ca495991b7852b855
one_shot/profile_.json	endpoint_sample	569	17	d2e45d9a95f32e0b5b9c26728740219dae9f39ba1d60180a67458ca9098fe742
one_shot/question_get_archive_filters.json	endpoint_sample	21295	4	ff4101f3375d290ad198ac04879b1e8c19843d86a2f360dbb4da9451eea7e743
one_shot/question_get_central_result.json	endpoint_sample	394	4	25b04298db5cd8b17e8f735aba3130a1f96ac9b0ba1165be384d26f6c017501b
one_shot/question_get_result_filters.json	endpoint_sample	21294	4	123643785385c205a7745e9b9b17b55792c6fc0cadd5643da8b75696906fc1f6
one_shot/question_get_routine_filters.json	endpoint_sample	17418	4	f37eb47ed42797e411f3df1c9421700c2ea0cfc4ff13eb4acd045c9266560010
one_shot/quiz-master-custom-topic-list_0.json	endpoint_sample	0	ERR	e3b0c44298fc1c149afbf4c8996fb92427ae41e4649b934ca495991b7852b855
one_shot/quiz-master-custom-topic-list_0_.json	endpoint_sample	3946	21	cdfde49a3cc69fd391bc0d672d9757668f179aee10a60ed656a65cb3152db623
one_shot/quiz_game_leaderboard.json	endpoint_sample	8948	ERR	303f8e95dda512eb059f86ebbcd45eb3bca1c62e727e32a3f26ce7122a2b0137
one_shot/search-question-filter-option.json	endpoint_sample	0	ERR	e3b0c44298fc1c149afbf4c8996fb92427ae41e4649b934ca495991b7852b855
one_shot/search-question-filter-option_.json	endpoint_sample	1697	10	4ae7178c03724401a331620ab757409640730f1516d883ad92810bfc97f1128d
one_shot/smart-tutor_get_dashboard_.json	endpoint_sample	8948	ERR	303f8e95dda512eb059f86ebbcd45eb3bca1c62e727e32a3f26ce7122a2b0137
one_shot/smart-tutor_welcome_to_athena_.json	endpoint_sample	8948	ERR	303f8e95dda512eb059f86ebbcd45eb3bca1c62e727e32a3f26ce7122a2b0137
pages/question_new_get_central_archive_p1.json	exam_list_archive	25573	20	15a7e6740c1abef05d201650c117f6a96f10c3960c746cb8b5c126ba6900fbd2
pages/question_new_get_central_archive_p10.json	exam_list_archive	27556	20	87a0f779608535ebd29860c1b6f7a2f5ffabe653cf0c495dc8a6195d540f31ec
pages/question_new_get_central_archive_p100.json	exam_list_archive	30236	20	e1644aadbe26210a1b45ea0cff9d1afbc69425e9dd01b18dd1e9b3675a7fe3e7
pages/question_new_get_central_archive_p101.json	exam_list_archive	27617	20	a348ce506546263abd5975255b35a5a8b59e27c4e2a328a0afe0a7374e971234
pages/question_new_get_central_archive_p102.json	exam_list_archive	28534	20	3c83e181a5d82e827cb8eb883d9f4d8c88e9f5c4628bf540dfb770f1a0a48eab
pages/question_new_get_central_archive_p103.json	exam_list_archive	26661	20	fa6db6a5a1bab15f1d4074255a2c5dde5563f5994d9126500d4fe2f6356cdc8b
pages/question_new_get_central_archive_p104.json	exam_list_archive	25382	20	c1e83784bfec7eed9cba92008078b08bf106fbbf4a2664f17dad40830acbe96d
pages/question_new_get_central_archive_p105.json	exam_list_archive	21887	20	eabe5a05bdf2f75ce42a4a94397c8c62a792fcd038ac98d09b4a27c78020513b
pages/question_new_get_central_archive_p106.json	exam_list_archive	20844	20	5bf8f46ed47c2b880ec11a67e1f4868f2ec4b3d039003acc05c753f2d3fe14ba
pages/question_new_get_central_archive_p107.json	exam_list_archive	23885	20	bb2ba984e952ab188c9ff82d4b1f7ee1dd4088ceb55531894534310ed749594b
pages/question_new_get_central_archive_p108.json	exam_list_archive	25870	20	8c706130043829b187582bd39189d21761bd67815f039e0081f9d512969e27bf
pages/question_new_get_central_archive_p109.json	exam_list_archive	27790	20	8b13b0e37c5a86ca6d8964cb4a79c7237fda936427587da139f40b4701f734ef
pages/question_new_get_central_archive_p11.json	exam_list_archive	26990	20	12525e8bdfc60c3201d177793a0888081052b1c69bc038e1cb96cc1ff3f09170
pages/question_new_get_central_archive_p110.json	exam_list_archive	26302	20	0b00fdc4721a707ebb8b1455385f1688b74251678e52e4b7d7072d5bffd2f606
pages/question_new_get_central_archive_p111.json	exam_list_archive	26046	20	b2513a5f98460157382ef752de374d3522a16f545a76dae6a7941e8aff2394da
pages/question_new_get_central_archive_p112.json	exam_list_archive	28224	20	c47d7901e68e3e4821fba591b7c8bcdf5977ec2ed824faa7935db697102bf3e1
pages/question_new_get_central_archive_p113.json	exam_list_archive	23900	20	ca8289df5b12b16eab509c5e9c3ce40264626bbb2fe03f4c475c972f7821ffe7
pages/question_new_get_central_archive_p114.json	exam_list_archive	23181	20	60ae827055a3bb2c7936719332ca7564a5a0b814cc3c21be135df06f618ed0de
pages/question_new_get_central_archive_p115.json	exam_list_archive	25746	20	687e1ea43964e7bcfac565a54b18e83e51796edd29ccb0381dd0626ddf813aaf
pages/question_new_get_central_archive_p116.json	exam_list_archive	24714	20	92f658752ffaf8e9c6a8b77875f7d89dfcc0506b9318b2a3f22f742d5bddafee
pages/question_new_get_central_archive_p117.json	exam_list_archive	26062	20	fe61af6a2acbcd31a3d630038cad70f5147fb8e16945163b29030b29369b6595
pages/question_new_get_central_archive_p118.json	exam_list_archive	25572	20	338e188798ca0a5b2eb57097f67a1178f6683c9ab0b89b962d2687d4340b6718
pages/question_new_get_central_archive_p119.json	exam_list_archive	25650	20	2ec24c67164fc1da23fbff76c7e12ce2fe928e2221e64376c6feb07b445866bf
pages/question_new_get_central_archive_p12.json	exam_list_archive	26960	20	0622d9197b5a0d6bf7372e5573f1ba5f9a0881201fd204e9a960bbcc4242eb22
pages/question_new_get_central_archive_p120.json	exam_list_archive	23657	20	8f3db619810c8daf748a53bca4cedcce5828fc6a9a948f640651532ce2a8e85e
pages/question_new_get_central_archive_p121.json	exam_list_archive	26203	20	c048430b8498cc1303f4788bb524f8addf74921bd267d38b6d14484f7bb26b9e
pages/question_new_get_central_archive_p122.json	exam_list_archive	19292	20	0316ff02f7a0265aa3515276a17a4d0fdfefb863555e5fb71c8c3fe740773ed7
pages/question_new_get_central_archive_p123.json	exam_list_archive	21676	20	1a3ad370f9372422f71cb20c18284bbf83a2c484cc6bb307479eb6360c513a6c
pages/question_new_get_central_archive_p124.json	exam_list_archive	26062	20	af049fcdad2679ab90d6b9fcc51f6e30c99f5977fe99a4dc7abbd908068c3bb9
pages/question_new_get_central_archive_p125.json	exam_list_archive	30462	20	a4411a6e2c59338fb927309a2a7558f1c1de650ae101748d0529a5b57c7717ae
pages/question_new_get_central_archive_p126.json	exam_list_archive	31583	20	a2a405b2712172401909feb9e80715fea273748258b9dd3da8dfde06794fb783
pages/question_new_get_central_archive_p127.json	exam_list_archive	25237	20	b69eca54bac6247ec16c32026f554c6a83ee0d1419e207d24cc65b59c6df62b0
pages/question_new_get_central_archive_p128.json	exam_list_archive	32461	20	bc7ca490a9ca1ec325ad515d4eff06648139810eb0befff1bd8966a97d19c989
pages/question_new_get_central_archive_p129.json	exam_list_archive	27655	20	c11d34ce19d153e0f2b8fd4fd6ee0f8659c97318e722fa273c2bb2a51fd830d7
pages/question_new_get_central_archive_p13.json	exam_list_archive	26119	20	d7b149f54fe9b15c8407993d2e1ff40ae21eacdb9dd7b84816e739d2712ed237
pages/question_new_get_central_archive_p130.json	exam_list_archive	31590	20	14413cc3767262db69b2af1e795e3186158640906801d3ac3b4af77694ee2350
pages/question_new_get_central_archive_p131.json	exam_list_archive	31519	20	f767957ab1978ff19d552f5aefe26da69816d217225bda5c83c3becc544723e7
pages/question_new_get_central_archive_p132.json	exam_list_archive	31933	20	1739f2fd20c7ea455b32d96b6f1ceafd3dcbe0a137242bebd8ac6e08d2e48058
pages/question_new_get_central_archive_p133.json	exam_list_archive	27926	20	afe33b517b2301a1965d81707c88cfeafd5ce68a5ed5f49397e825a2e5ec4003
pages/question_new_get_central_archive_p134.json	exam_list_archive	31249	20	0d90a4d7c85d0e3e96def0dbc5b1117013fd72e54fbc8404ff51a817b343061f
pages/question_new_get_central_archive_p135.json	exam_list_archive	27409	20	beb51b1f0abe5d00014ce36e7be8e364afc96792d113755c66c9e74de83bb4bc
pages/question_new_get_central_archive_p136.json	exam_list_archive	31181	20	df2fc823b9203985982f86079083ebc67d3e1b648f8c0ce2c2f780fb15dc13f4
pages/question_new_get_central_archive_p137.json	exam_list_archive	28163	20	de12bc76e0c47e7c9f161975d976be7869c3f09790b0a76ba8c530cb38f60088
pages/question_new_get_central_archive_p138.json	exam_list_archive	29988	20	e4e40ff71fa7daaa31f28b38d174c26830aea56f60e3f0ac2295d5081c19a5f8
pages/question_new_get_central_archive_p139.json	exam_list_archive	24225	20	7d21a345a61f559b6391bc21fb40148e63aefb8b86efd82da3db429510812478
pages/question_new_get_central_archive_p14.json	exam_list_archive	33326	20	2ce94c32db00c953bfb438838a29d9ebb0eed36745592c091a36b1781f2a5471
pages/question_new_get_central_archive_p140.json	exam_list_archive	29208	20	61657a6a2b4244fb65797fcaa0c000e0d8c55fd070d971d4a024190541af58c5
pages/question_new_get_central_archive_p141.json	exam_list_archive	29444	20	50f2145f90eb26147a62d085d127fe12c395b5d1c8fd8a28c490a9cff0e33ae3
pages/question_new_get_central_archive_p142.json	exam_list_archive	26797	20	67faea7372c17d625acbd2320ca451a5bab215b8c9b09315680c45f1fde4dd83
pages/question_new_get_central_archive_p143.json	exam_list_archive	28114	20	7efa32439803fe36621a5b8c2d677e5bed12ee2b468b835619b3b5e2c307984b
pages/question_new_get_central_archive_p144.json	exam_list_archive	29334	20	069a1661faff5e6be7b2a272a0d61d83785beb3ab8f7224f83482e41bbf62266
pages/question_new_get_central_archive_p145.json	exam_list_archive	26093	20	584a487fbc33ee7c0c7c01d4feaf40bd54394dd114e60a6fe6b7c50d0c19f427
pages/question_new_get_central_archive_p146.json	exam_list_archive	26577	20	d371faa0c075d2c2551b4a14b52c34e0142aea3206e5b6c8b86c963363c6ab8c
pages/question_new_get_central_archive_p147.json	exam_list_archive	30745	20	236bf40029bdd666277daf04915cd44391f438209361bafe69e9bfd0318daf7d
pages/question_new_get_central_archive_p148.json	exam_list_archive	28829	20	cb90c30a413fc2ab7b643ca9f5a787032212d8b4e6f123b6bce4ca27c7fe7ab7
pages/question_new_get_central_archive_p149.json	exam_list_archive	30017	20	a860f69d316173f3c387d97847c063b89047a2d9b8e0ff5b935822486e0b9f39
pages/question_new_get_central_archive_p15.json	exam_list_archive	26162	20	8a6faa306f8bde12853ecf2cb701a4579d7b2ec9e370fb87610e8ae6c482b3d8
pages/question_new_get_central_archive_p150.json	exam_list_archive	36599	20	ab5905f3b66333626eab50536fdbed5b9c54d91255ca6e968c458fc6e3dee2c0
pages/question_new_get_central_archive_p151.json	exam_list_archive	27061	20	a3e5d47855d034c3e31617a503d30a66c3e4430c96af0e0f4817582389ecd8f4
pages/question_new_get_central_archive_p152.json	exam_list_archive	26347	20	518a1c50b71af3af885d21178158d9d774522e1b0350ad8f59d638688f41eddf
pages/question_new_get_central_archive_p153.json	exam_list_archive	29582	20	ffce8765d2fec0c4f2b925c48c3d96fc973c4dfbde1fa8f5f9104677fbf615f2
pages/question_new_get_central_archive_p154.json	exam_list_archive	33190	20	5fc41999cdd1e654e88dc88054002b83fb34e6968cdc187a73f2688c0ad47863
pages/question_new_get_central_archive_p155.json	exam_list_archive	26631	20	f63b7622fa892bef7787274347e9d65937b9c9b9419857f157b6712859e59eeb
pages/question_new_get_central_archive_p156.json	exam_list_archive	26518	20	f9c74f93e679cf651a4a54c10727ddb5825c63ca997d635924020a67f2e8ee86
pages/question_new_get_central_archive_p157.json	exam_list_archive	22977	20	337350b22015a3f97b42f8775671f93b43f1ea2d99419b4fea15d0525e559510
pages/question_new_get_central_archive_p158.json	exam_list_archive	29166	20	1c4a6561f858381d4832544c5bfa0d9d706a976dbe740d979e0272d9932ff6aa
pages/question_new_get_central_archive_p159.json	exam_list_archive	26089	20	ab8f27456cd249461bd48de0f52dbad4aad57a1f4aeca5a5dacdcbab8b1cf789
pages/question_new_get_central_archive_p16.json	exam_list_archive	27951	20	846f30792a3a985907eb91a7a758461929f14ebc0c48debed08e00d3df14b0f0
pages/question_new_get_central_archive_p160.json	exam_list_archive	23466	20	41acb80255a23a4952c33dc8224e87ec8502b1f60d095e31d75375a02f274cc7
pages/question_new_get_central_archive_p161.json	exam_list_archive	26038	20	2ab3cba156e895bd7b4b6c2441b180e6323c317b5ae3db0c0bb3874cbf0b5973
pages/question_new_get_central_archive_p162.json	exam_list_archive	26174	20	90c4a32050addb223974b823aff8b6e8bd6f296c6424382cc6b3fdeedaf5b506
pages/question_new_get_central_archive_p163.json	exam_list_archive	27601	20	fa6da6c1d97b342e42afa2f2a16c11410eb3b131739ecb8792d4e07ec8158386
pages/question_new_get_central_archive_p164.json	exam_list_archive	22070	20	ec8ee9a5360dadc17f5289b83ca39098abbd080e55cd66b6e1e45a8a0784ded0
pages/question_new_get_central_archive_p165.json	exam_list_archive	26640	20	dff8fdad44b06267d05402daee7971ac48650d609c9b0f9a6f45e374cd02ad3a
pages/question_new_get_central_archive_p166.json	exam_list_archive	23977	20	0143b52ddda580dbc26174088766080cc22f5fc8daf3501b2f19c8911d21378c
pages/question_new_get_central_archive_p167.json	exam_list_archive	24882	20	719e3fdefac2f36b0d30d5178b3d14b00577f5a614a736e17702d68b5862abeb
pages/question_new_get_central_archive_p168.json	exam_list_archive	23429	20	181d3ff9d8527c7951fba61570506c875826e4c58a880f5182a45d64ff4ed562
pages/question_new_get_central_archive_p169.json	exam_list_archive	27403	20	36fae0da1835f4882b001a728a1dcd2052459cfc40cf0d4b918202ba66be859c
pages/question_new_get_central_archive_p17.json	exam_list_archive	27206	20	d70d90eb530dd267d9ea921535237d1ec1ae8a5340433222a40b8dc74841097f
pages/question_new_get_central_archive_p170.json	exam_list_archive	27398	20	d145cbf7bc23f14a2ef803d49c272d5a8f340879da9ed8b5975f17f2ef7713e8
pages/question_new_get_central_archive_p171.json	exam_list_archive	25469	20	05553328b07a1e289998795f6252163ed99521eae6685cd4d3b651539d9b9172
pages/question_new_get_central_archive_p172.json	exam_list_archive	26416	20	047295aa156905e15ef2796202c33a96a6c72e2075449cff32a614ecf1f330dc
pages/question_new_get_central_archive_p173.json	exam_list_archive	26672	20	c7e497e93bc34f7ddea5c21fda88fde351525b220a66a7c0a602b55ecc9b8b46
pages/question_new_get_central_archive_p174.json	exam_list_archive	24745	20	a26780f07b22648b4410954dfd2d10c2311aee0177425dcc8f0218b9694293f8
pages/question_new_get_central_archive_p175.json	exam_list_archive	26474	20	f94b1b6d75fe6d02cf95e17b0cc32c740949edec451d2f784c762c2558dd437e
pages/question_new_get_central_archive_p176.json	exam_list_archive	27793	20	cc8e8a2618f513d4e9fc51970c7f7733822287d724c1deec445e86cbe31b7f0f
pages/question_new_get_central_archive_p177.json	exam_list_archive	23412	20	6e0fed9eee8c2950a1f7d2b0d562a0f2c5d34ab4c72f3367c63e050c2c378f77
pages/question_new_get_central_archive_p178.json	exam_list_archive	23777	20	60f60001fd8dec273accbfabadecb2a9cd23b4aba6426c93d753086bc308585d
pages/question_new_get_central_archive_p179.json	exam_list_archive	12297	20	7d29a11ee63ee9b498c2bf6d39599847d75fbcfe5c5b3518cbde4e0e45c9171e
pages/question_new_get_central_archive_p18.json	exam_list_archive	30769	20	c293a335a0523a6c955911e6fd33fd951577f0f9f9a2c0674a052d3ed5f96848
pages/question_new_get_central_archive_p180.json	exam_list_archive	16059	20	51a43718d6b5a66ebfecb3b89e709d5a457fbfd0c27f25680da523295e47ef0f
pages/question_new_get_central_archive_p181.json	exam_list_archive	16613	20	36f6ebf3d86604fefb59cdee1f49e8b8afec00a99907d28a51019ff3307f356f
pages/question_new_get_central_archive_p182.json	exam_list_archive	12813	20	3979c77ed849df43ad5c7b7655c50a4cbcdc6487fe22f77be86290c4ceb832c7
pages/question_new_get_central_archive_p183.json	exam_list_archive	12273	20	a7688492498954c1033b0ebbb575283510ebcdf4099b0af6c4d2a2a9d6a20429
pages/question_new_get_central_archive_p184.json	exam_list_archive	19526	20	b69b1908bf92a53df4347339c47f795963b28b6bb8d80b3c1b185329f49a7651
pages/question_new_get_central_archive_p185.json	exam_list_archive	12455	20	c44e798f0a30c37b95754e11dcaf95568687924aa0bbc00558750c43286bb5a5
pages/question_new_get_central_archive_p186.json	exam_list_archive	12890	20	f3ce7653910dde497b683266cb4fd63dcec88e8760a1ce629cc323f187a5707f
pages/question_new_get_central_archive_p187.json	exam_list_archive	12296	20	79f74145fd99be702b5016405e298db1f39ba3ddca5ab7886b807a36520ddc14
pages/question_new_get_central_archive_p188.json	exam_list_archive	22776	20	3f5ff27caf9c4df6826db8fd5310f2d301ed0a73bb4a25fdd53756a4fd4d7073
pages/question_new_get_central_archive_p189.json	exam_list_archive	18887	20	f3c5c84a21fd590ba19618a65d71d2a4c895f056b3e4a2e058881a1027e0ab1b
pages/question_new_get_central_archive_p19.json	exam_list_archive	26826	20	15e3fcf35c9a64cdd660fa1cb175544fb380ceb86b99af4e164e1140321a1018
pages/question_new_get_central_archive_p190.json	exam_list_archive	21435	20	ccb399e0059d6fe086694760ae6feae446212eec19c4911ec943d51973099441
pages/question_new_get_central_archive_p191.json	exam_list_archive	22678	20	5804f5ce43e8953c0555d3d3618969d14fe2e2d21ddcbd6f640d25c5727b6ee2
pages/question_new_get_central_archive_p192.json	exam_list_archive	20723	20	3a52d4bebbdb4f70d3b6312f50533eebd6bd27b0f05eb0fc5c771b32bdfda0c5
pages/question_new_get_central_archive_p193.json	exam_list_archive	20744	20	6e88136b18a25a77a56c93d19997c795b68b3490b21b836b8e910c6948fb1bd2
pages/question_new_get_central_archive_p194.json	exam_list_archive	19302	20	963260bff80aafc621415288f9f43b7c8ff1523c0646d08a14bd9d38dccbdc95
pages/question_new_get_central_archive_p195.json	exam_list_archive	21553	20	44771983fc8a3a401a8210fb0f55898fddba33692c99caece6ce6ed6279c84c8
pages/question_new_get_central_archive_p196.json	exam_list_archive	20856	20	90f5be33dacc7e2169b7aa0a7429d787d283754f47ff3877eef07dc143192ea5
pages/question_new_get_central_archive_p197.json	exam_list_archive	22781	20	004ead98d520fb4640e2508c9bbe40a003df014d4f947b7daf25b59f9af4a284
pages/question_new_get_central_archive_p198.json	exam_list_archive	22677	20	57881595423ba61d4c1a4f2fcffe914038a772e01fa86da5a12d0761e9787641
pages/question_new_get_central_archive_p199.json	exam_list_archive	21241	20	4f5f7d33ffae7333cfe5661d6d3716b4b230bd60f1c983bfdd4e789ffd4a6514
pages/question_new_get_central_archive_p2.json	exam_list_archive	24503	20	2f2c7934ca1446ae591033ae37a34be27246435793262e7ae2fcf3e92a23245d
pages/question_new_get_central_archive_p20.json	exam_list_archive	27283	20	503a8b206c54d38635546c8e133d9a23ecac72c5a9adc2a871f8ddb9e27d9dcc
pages/question_new_get_central_archive_p200.json	exam_list_archive	24810	20	269cd61ea9ee7e80bcac9dad4ca869f229777d95ceac3344379031d8962879ae
pages/question_new_get_central_archive_p201.json	exam_list_archive	22827	20	7ead914ff310476510300ad853667a966e534b4bc79d3bafbdd5d130a8e25d59
pages/question_new_get_central_archive_p202.json	exam_list_archive	22688	20	de47daaae532f1b8da1cffde18370cf671ca294aa419616c97de7d2d83b5b886
pages/question_new_get_central_archive_p203.json	exam_list_archive	18945	20	8c60dc822244506852c273860f4d63fdc5f079d8ae0bfa0768966b1c3caf1d98
pages/question_new_get_central_archive_p204.json	exam_list_archive	28283	20	3f1769afdbb4b6cb632aa136bb9cf507ca9999f7eaa8520df1117f6d0d571a78
pages/question_new_get_central_archive_p205.json	exam_list_archive	19440	20	d5e0dadef015da92c878f33fbf2c83686597276c0385fb7bdfd48314af7c85c0
pages/question_new_get_central_archive_p206.json	exam_list_archive	29462	20	8599955c76dbf7154bf68be033b81b075afbf0276aeaceef16ed76abf9258287
pages/question_new_get_central_archive_p207.json	exam_list_archive	21192	20	f7df068c92b315f2301343fe84100a8ee655e2e7f612a2a942865b614a50e687
pages/question_new_get_central_archive_p208.json	exam_list_archive	28435	20	bf959db478cc33c429db54feebdfa1b1b11513d36708e877c7182256903f533e
pages/question_new_get_central_archive_p209.json	exam_list_archive	18791	20	44f1cfd9669762687f991054652c031ad3202000760fe335ebd51a0649a22b67
pages/question_new_get_central_archive_p21.json	exam_list_archive	24383	20	8dc9769789c2a637269c354023e058b04306d9c404258171342277f9ac523fc9
pages/question_new_get_central_archive_p210.json	exam_list_archive	27815	20	6d6de98753d1a25440db4cc68a2439a8d0bbaf3102467fdb3dd15fb23d110b81
pages/question_new_get_central_archive_p211.json	exam_list_archive	20076	20	0a17d64b21fed8f2ea438d382a28b5dedd0e3c98e2595d7355e14ebf0e47b040
pages/question_new_get_central_archive_p212.json	exam_list_archive	29364	20	ab142c131a2687bb3d258ffa8019ef772385d9fffe0d81619ceb6029b8501bbc
pages/question_new_get_central_archive_p213.json	exam_list_archive	26287	20	ff2b5caccb74401372db04186c3b60cc9c8f37e0e5f23ad223fe2626b3566311
pages/question_new_get_central_archive_p214.json	exam_list_archive	26984	20	91102ea89e5f1b856f2d0fe2273c92b81ea47c739db14800d7a976d0f808ae5c
pages/question_new_get_central_archive_p215.json	exam_list_archive	25076	20	a1dd0fca2d155d1579f76691a4e3d59fefaa3d9b52dac062f0e8cfb5491ce20b
pages/question_new_get_central_archive_p216.json	exam_list_archive	19778	20	c4265a0b2ad724df4dd991df76cd4a5a5020e68c487eb5bc1cc6cc3f83039653
pages/question_new_get_central_archive_p217.json	exam_list_archive	31603	20	c9fe58f2b6f08421d993fe5ecbcad48b70860c795a9844784529019b560b5aa0
pages/question_new_get_central_archive_p218.json	exam_list_archive	28383	20	5ac2c08320cd51c888f9a878f20857cdbc36dbc7b2f9c42d6126e55d8d4cadb0
pages/question_new_get_central_archive_p219.json	exam_list_archive	25252	20	61288f7d40f889840c7de2436d43a2d48edb6d1af15d66a3b7f18c64a39bc2ad
pages/question_new_get_central_archive_p22.json	exam_list_archive	25294	20	a2daf8fbe36f4b381baea49e408f2b938858fa189b6fe6d0c987d5eb395dd95a
pages/question_new_get_central_archive_p220.json	exam_list_archive	20835	20	cd789fd65dd490c34bacbef301fd4990f3be555e1509b1b22c5f043508e2eddd
pages/question_new_get_central_archive_p221.json	exam_list_archive	31705	20	7a2929e1165e5bf8cfce25da80929f3377e4625f37aa5edb8b5a0eee305de9fe
pages/question_new_get_central_archive_p222.json	exam_list_archive	20607	20	9d916b7dc6ffd7e7b346c795c7e50c347adb0f2def180bd5fe65cd1261bd1f7a
pages/question_new_get_central_archive_p223.json	exam_list_archive	29626	20	cf9c4797e4ddaec45b6fec67877f14f681dc0b3df6e3c187e784ac18937b63c7
pages/question_new_get_central_archive_p224.json	exam_list_archive	25644	20	3f84959712296120d4d87f27291a708d4d7439d860495737516b2255da01c781
pages/question_new_get_central_archive_p225.json	exam_list_archive	25523	20	f63705ba0cd2fcd69b5b346ec989224d425f8dbc0edd0056792941959ed8ec52
pages/question_new_get_central_archive_p226.json	exam_list_archive	20919	20	40cefe3e0ca4e94d6af55ea331a7724a227a79f7f766d7db87c24229501aebd1
pages/question_new_get_central_archive_p227.json	exam_list_archive	28835	20	71f6f9eec8bb68279065a22d405dd4ec88f95154af368fc38d7a76c8fcbc90d3
pages/question_new_get_central_archive_p228.json	exam_list_archive	22172	20	5e5a162a86a38923421b497ad5e5a25ddda4b0b8126a531f68343b6f8fbe9004
pages/question_new_get_central_archive_p229.json	exam_list_archive	26585	20	0ba60900f50e89ae3f5cb6966edd38ae4aa5df8952c4f8804cdbb4e5b51593b7
pages/question_new_get_central_archive_p23.json	exam_list_archive	24737	20	7ac543683939e8e37ededdd8943a857d18d9dcfbe9a375a0c224f6fae64f9ab2
pages/question_new_get_central_archive_p230.json	exam_list_archive	23321	20	e66a6400ef6916b8782ad1b897d5bc44530d75f85dd7d145341b2a315e48e308
pages/question_new_get_central_archive_p231.json	exam_list_archive	26847	20	6453253eec7dac6fe80da57cec6f35b62c1a15913bff203b321ce18ba69fd4b7
pages/question_new_get_central_archive_p232.json	exam_list_archive	25560	20	97a8521db681fc04acde62bba6cf3e760b3f03ebd7e3ec94e03f5f77119919ac
pages/question_new_get_central_archive_p233.json	exam_list_archive	24753	20	adcde5f3abf4b2e92cabe4c08d633c3a7bd3ace2bb5e707cf00b466f2707f372
pages/question_new_get_central_archive_p234.json	exam_list_archive	26794	20	6e4c64606fa0d7f7eebaeccd577d800ddc40ae0dba14c32af47e602523141843
pages/question_new_get_central_archive_p235.json	exam_list_archive	25162	20	3c7f02bbf4ba1395f974eccbcc8bd5ddd1ec043ba141042f5274779fbd49c08b
pages/question_new_get_central_archive_p236.json	exam_list_archive	25510	20	6eb7211100893877aa262951b8da6fd92038fcdba65380a8c913cbcba1f03d08
pages/question_new_get_central_archive_p237.json	exam_list_archive	26691	20	09ae5e35bfe0787ae8ef7c877f9a509b046529a68c06544a2c096cd3fa5cb403
pages/question_new_get_central_archive_p238.json	exam_list_archive	37605	20	14283bf1e2a0ff2b5d12776e21587db12ff11c82c82e3f662a62fa11ebb376b8
pages/question_new_get_central_archive_p239.json	exam_list_archive	26071	20	db38f46fa311ea089addf464b5f6172f9d269dc12baacf64c1ba4b1773b6e983
pages/question_new_get_central_archive_p24.json	exam_list_archive	27831	20	618d78e14fd31b9948ba767182bd00afbf55fcd3e41657d489f6f1a1f46d010e
pages/question_new_get_central_archive_p240.json	exam_list_archive	32348	20	d1c31a22b057c657bbfafefe2b526cd1cb548d1326679cf53fb278d3119a4b03
pages/question_new_get_central_archive_p241.json	exam_list_archive	31572	20	2d0855ea0737fbd8b69692885545ce8ae0bc3cde13b454d6825be01c803064db
pages/question_new_get_central_archive_p242.json	exam_list_archive	35463	20	e4a5d00edfc522d3700956c7e04b1748be632ca561ddc7dd0eedb6101153ee5d
pages/question_new_get_central_archive_p243.json	exam_list_archive	25446	20	64194c1c2186d3ea90b4b7e3e645f4f670e37f05be75f17d3c228a4303e49be8
pages/question_new_get_central_archive_p244.json	exam_list_archive	33191	20	7f87436574b3ee4fa64fd988cb0870e07080e656627fd86242f7a0e66cd08be0
pages/question_new_get_central_archive_p245.json	exam_list_archive	25724	20	34418f557de97dadf9986c93e482e0b451652bf377db70243298f23dc0431ca4
pages/question_new_get_central_archive_p246.json	exam_list_archive	32002	20	aeaa4d22c40ab700b8af81867071c5e0a77fb878d8d8a56e52f3b7a697f45c0f
pages/question_new_get_central_archive_p247.json	exam_list_archive	28558	20	00805a79d8af1100c9680566d129cad79bbe017af47e91bac76e5da6a8ca373f
pages/question_new_get_central_archive_p248.json	exam_list_archive	28459	20	688c6b7c07b459accb672493dcbcf666d47a502ea2b4ec9bcd780f942469afaf
pages/question_new_get_central_archive_p249.json	exam_list_archive	30165	20	055a7aba410c6a2c496bd621d8479f39fd84770fc40a20e343d754ea531dbb17
pages/question_new_get_central_archive_p25.json	exam_list_archive	24313	20	3dc4078fd9869386bb9acf11f5050542ddb50030c9778c658f37e8dbe41fe93c
pages/question_new_get_central_archive_p250.json	exam_list_archive	28381	20	56580877f6172a3ec6a564e02777802fc94d98a4ac57b9e0df718afd2155e067
pages/question_new_get_central_archive_p251.json	exam_list_archive	25803	20	583ba4c20707f5345e6661a871f3f66d2c5b8015519e6cb01672261abe8690f2
pages/question_new_get_central_archive_p252.json	exam_list_archive	22533	20	d6c092049bbed67a9a60110395eb65a9a505fbeeee8c47eb858095e39552ab7f
pages/question_new_get_central_archive_p253.json	exam_list_archive	28632	20	fe75d6cb53a9cecbd3c75818ecdb2dc03db64fda8d0b35db2159bbb775c9e4a5
pages/question_new_get_central_archive_p254.json	exam_list_archive	23514	20	f0326235807635138c8bb7fd551293e8f3b3e29df7ded5b6c105b8329d7d77cd
pages/question_new_get_central_archive_p255.json	exam_list_archive	26779	20	48a4c39b23ab4f98c68ed3f8cdb09017503ec35d3a0e1c170cf445f18a84a2f9
pages/question_new_get_central_archive_p256.json	exam_list_archive	25021	20	75d94d420930c5887dda05d8b5719db754251efb83ca19b757cf29e773cf5185
pages/question_new_get_central_archive_p257.json	exam_list_archive	28498	20	a03d1e2c6c7b628b985af037fdf80d62d5ac695f0694bed31f92301a13f330c7
pages/question_new_get_central_archive_p258.json	exam_list_archive	28844	20	65dc65644da1c1dc633392878e8a85470295c5e47bc9980adf63ac77b75686bf
pages/question_new_get_central_archive_p259.json	exam_list_archive	27812	20	1b2794149764042b361c9bf3d7fc2c7e9d27f2d8d136d17873c822f4e4e5d65d
pages/question_new_get_central_archive_p26.json	exam_list_archive	29765	20	48f1e8c289e3da5e928eb9f6e4e2785843319b58193620dcf735680e4784818f
pages/question_new_get_central_archive_p260.json	exam_list_archive	27642	20	300f21ce0aa80fb98194f786dc77d6778f572f2d3598501b2928b69a9a400fbe
pages/question_new_get_central_archive_p261.json	exam_list_archive	31553	20	3c35321fd551ccbf18ba317da9ceb6c1991356e7ee158054813566805ef0d9b1
pages/question_new_get_central_archive_p262.json	exam_list_archive	36630	20	92b7a6a1ac803abf36f03948dbaeac98d6e687524893197adc2a1b4b473b4f10
pages/question_new_get_central_archive_p263.json	exam_list_archive	28806	20	4245c52708f9584578a155e3036ae68a7d844c9330162a0bc3d705509f30ccf0
pages/question_new_get_central_archive_p264.json	exam_list_archive	27586	20	d3cc34ca08bcc5ce6dc856ddfd5bd7a3b3089a4a1ba4f6c4721b074f50d7d689
pages/question_new_get_central_archive_p265.json	exam_list_archive	30349	20	7f56e1952522c1990de1d02480229a4da469be2e377a77c4cc6d9588b0bf9a4a
pages/question_new_get_central_archive_p266.json	exam_list_archive	24290	20	9c1b8f25557532653380f9e1acaac1c534c6a6022fd5a34e5482500d812b76b6
pages/question_new_get_central_archive_p267.json	exam_list_archive	26049	20	8f6751ecb501fa420f0a829fd68561a78f0d9a92ddf8b656db29db3e20dff524
pages/question_new_get_central_archive_p268.json	exam_list_archive	33820	20	0021668574208caa50546f7972b7f49fb784993727cd10ca8892fc42d923aaf9
pages/question_new_get_central_archive_p269.json	exam_list_archive	28069	20	143a4c0883fab545195c8f2db9c10af61532a02830ec2239212eaa975754a131
pages/question_new_get_central_archive_p27.json	exam_list_archive	26685	20	a581e69103f2d5cdf025c0d8565464c83af7cbb350fdf305e6ddf6e410cf68e6
pages/question_new_get_central_archive_p270.json	exam_list_archive	28111	20	3f09e09d705f18f408cb2d929abe71f12caf3a6f32eb6a46d05cf7d1bdeeeb91
pages/question_new_get_central_archive_p271.json	exam_list_archive	29128	20	e48c6e8d26ec1955fa1e23160e9545ab34526fab7d9bce82a00bffaa64691ebc
pages/question_new_get_central_archive_p272.json	exam_list_archive	29912	20	5f5173d66f65085ed95ae204b0a2c39630f90dc364811d6c009c8b325e0d9dfb
pages/question_new_get_central_archive_p273.json	exam_list_archive	29436	20	d721673a9c04e959a4bbe8cd90ef703e478a1d96670213c5ba2882f5bd3d20a0
pages/question_new_get_central_archive_p274.json	exam_list_archive	36079	20	e5b7043c90052ec3742736b60359169a9b5619f36e71a6d51219564d142d2d09
pages/question_new_get_central_archive_p275.json	exam_list_archive	35613	20	99578588399646c3c038d7f32f30a0d783745099c8c0f020b6cca6903b04ede2
pages/question_new_get_central_archive_p276.json	exam_list_archive	33388	20	023fff0d0692169dba9406769a541de321a053167aab2fb0e6c87937e5dd4527
pages/question_new_get_central_archive_p277.json	exam_list_archive	28818	20	2f431409d8e26a288b9ebdeaf1f1013c1e842e50bd58981aa307f9197a450b8f
pages/question_new_get_central_archive_p278.json	exam_list_archive	28152	20	fd023fefb6901e4d0ce3c76ef1021d35e64a0847b99b012b535ec8dfa8ffb10e
pages/question_new_get_central_archive_p279.json	exam_list_archive	32292	20	44539693462ccc48cd17be5eec1ea33ceb0a83eaaaec95a2748d5b3e1f3fbe97
pages/question_new_get_central_archive_p28.json	exam_list_archive	30180	20	fd904ff3ac86672d0b6c00a032ff59289ce1101e219b2b10048e0b7a79e1943b
pages/question_new_get_central_archive_p280.json	exam_list_archive	29318	20	fb2c7bfe25cfa02f85c79197a848cb61c580a0fcb18943abac1b320fbcd257b8
pages/question_new_get_central_archive_p281.json	exam_list_archive	33178	20	2bd6caea28987506f14a03e5c5941152b41af7b1fa848f6e4b96a13388a9fb9d
pages/question_new_get_central_archive_p282.json	exam_list_archive	26165	20	794e6f5b03ec2e4dcbb02492d208318feaa139ab28e598d5c3d4521ef6837acd
pages/question_new_get_central_archive_p283.json	exam_list_archive	30507	20	c6b44c71fef17f2a288d8f87d79e79d6a56bb70c97c96a3a6aab3c0ac3482380
pages/question_new_get_central_archive_p284.json	exam_list_archive	28081	20	592e2116c5d845ce6db812459907b00b6aa7360c7109c69ad684ccedccdc702f
pages/question_new_get_central_archive_p285.json	exam_list_archive	35257	20	a1eda8c995d73801000cee4732b1b3eb4b386af79bab795a0217f20f766d1b21
pages/question_new_get_central_archive_p286.json	exam_list_archive	26875	20	fa7065c1b7fee0f745b269a50c2f32dc77bbae99da5dda40885a09edaeaa5635
pages/question_new_get_central_archive_p287.json	exam_list_archive	27378	20	b8fade5f35463b313bde21c4228fc25e00e784c44af33061721d455b63ee76a2
pages/question_new_get_central_archive_p288.json	exam_list_archive	31241	20	323128e73c36533aeb5c7e151eb8bbeaf7aece613cc21a1590aea18f26d8a108
pages/question_new_get_central_archive_p289.json	exam_list_archive	30801	20	317b56b97a98794021f88be94cd28c815f10c6e6db8b0bb20e569e0382f9e2ca
pages/question_new_get_central_archive_p29.json	exam_list_archive	28773	20	7c72efc3dcd323c90d24cc48cf9764b15010a9c35803fc1730ececd42c8b709d
pages/question_new_get_central_archive_p290.json	exam_list_archive	29938	20	a9ec22ee0092167dc2427223b1bae981d823acd0a20fe5880b741883ac6ac087
pages/question_new_get_central_archive_p291.json	exam_list_archive	24510	20	74f7ec12d0f0a5c88f4637b4cca7006ffb7c7ca6127c0cc1b4ebadfddcb7a7cb
pages/question_new_get_central_archive_p292.json	exam_list_archive	32149	20	b2d496473dc604f691366999056091bf2c3ee5d185e12ac656bb8b28686ae15a
pages/question_new_get_central_archive_p293.json	exam_list_archive	32085	20	18bb0a9dda65f290ecd9466e3cedcdac9d4872affae8777d8e87017300e6ba57
pages/question_new_get_central_archive_p294.json	exam_list_archive	31337	20	c10e7da6fbcb756d7c5c6ab81629a58e3640f3284ed4b99a783851fd79c4ecf3
pages/question_new_get_central_archive_p295.json	exam_list_archive	30362	20	f0335c52cebc2c81779ea369b7b03d6a9df2d66a237f3915560d770cd4b98b93
pages/question_new_get_central_archive_p296.json	exam_list_archive	27932	20	a29ccd8c68686615305712afcde885cc86b4ec7c4396159829b282a0dd13de9d
pages/question_new_get_central_archive_p297.json	exam_list_archive	31280	20	7e3703e336ede1e8ea320888acca5a47c50504dd995603ed4380110bff3b267f
pages/question_new_get_central_archive_p298.json	exam_list_archive	29756	20	6fcc1361bb1db85b5175f12cfcf9f27666e5955f9d5aa167197809bd0161e013
pages/question_new_get_central_archive_p299.json	exam_list_archive	27094	20	a9e0ae20ba76709e95fa50563a19159e082e9568c714e6914d6861705e6f0ffe
pages/question_new_get_central_archive_p3.json	exam_list_archive	24937	20	749bf79c8f53ba65e42d28020775033019d9abe0157e791e41afa2dd992bfd31
pages/question_new_get_central_archive_p30.json	exam_list_archive	25725	20	61d13dcd21620f6de188e8d3fe52598f845417134aec7d34e982d036ea096cd5
pages/question_new_get_central_archive_p300.json	exam_list_archive	27900	20	c47db03395ff95f20e37fddc50c9617919ce28635bae323597ef511150846c6d
pages/question_new_get_central_archive_p301.json	exam_list_archive	23552	20	a4b916f49bfe3a42c9bee52bfbd7b931718fa8501d770e2c4701aff8ee46e561
pages/question_new_get_central_archive_p302.json	exam_list_archive	28587	20	7faff98b277d77b59afc420138fcb9c0aec97d0dd843a8c4a1bad9842b6aa23f
pages/question_new_get_central_archive_p303.json	exam_list_archive	29644	20	d610304592133f8535db452d0231da4ce7fffdba96d614d9c6b9590fddf64f09
pages/question_new_get_central_archive_p304.json	exam_list_archive	25297	20	b251dc9d2875fc802c1ddedc2492253b356dee31841ea0a53068f2f59adc31b4
pages/question_new_get_central_archive_p305.json	exam_list_archive	33384	20	bfd7ff779ebc56c784b468361a9739690ecb4837831ac9e6bbc0e766966ba722
pages/question_new_get_central_archive_p306.json	exam_list_archive	31964	20	01d874fee60e5b1a146ea898612f29476ae861f55eff4ed0c2c117b0c7466a5c
pages/question_new_get_central_archive_p307.json	exam_list_archive	30424	20	a26c40d0760428557b6446bd6372708d7224a056706ea4cf81d717c3932439c9
pages/question_new_get_central_archive_p308.json	exam_list_archive	28303	20	1ae4935b81737a2043f73ac3598200061052282e80ffa5a33f88cd56d1233d3f
pages/question_new_get_central_archive_p309.json	exam_list_archive	27958	20	83a99f0e11edac59365d174a0509b1b27f2c56b0cb2cb3ba0768ef5f5f8de950
pages/question_new_get_central_archive_p31.json	exam_list_archive	29498	20	ae7891360df9d2962d7a13325059bc270c0f3d3657e7fe187cb10196de3abaae
pages/question_new_get_central_archive_p310.json	exam_list_archive	28368	20	f293b3f5a4d06116cdcc99d21db6e6c951b999e769dfdbba30f3c1fa126d82ed
pages/question_new_get_central_archive_p311.json	exam_list_archive	28868	20	45b73902f3c2cd1eb12ccecca134f6b06591656645cd17c4fa1bd4b8a4b3f394
pages/question_new_get_central_archive_p312.json	exam_list_archive	24313	20	e7345ad8f64d8b50e39a7a31d919db6b29ce746a27f4ca779108027073975b8c
pages/question_new_get_central_archive_p313.json	exam_list_archive	30087	20	96662746b2c25546afc1e9b871f47d92b2dffbcc973e289065df6dd6c242e854
pages/question_new_get_central_archive_p314.json	exam_list_archive	27026	20	fd1f0e24f7e7461de43f915a5baebade059944e54a8367c0375369f3082c14df
pages/question_new_get_central_archive_p315.json	exam_list_archive	31702	20	4f2c4b766402c57b6ea9e00693b66ee93db658d8edb6b0dbec4fd408173b0b16
pages/question_new_get_central_archive_p316.json	exam_list_archive	24172	20	3fe361578d9740be169328083e127c746615a7bfd631f7bb95edd639ae4e1ad6
pages/question_new_get_central_archive_p317.json	exam_list_archive	27177	20	59bd0c275f204f76194bec1670f8cfec8656ddde92c62058784946ffb31de8ed
pages/question_new_get_central_archive_p318.json	exam_list_archive	27285	20	8077c13e5e3d74382b6f9ce02e6b4eae090a93b3a78a091a3faef5532b20c7be
pages/question_new_get_central_archive_p319.json	exam_list_archive	26212	20	68f2674910103adbe26d36a245f34d28b6d1ef99eacf962f79583d9dc072be99
pages/question_new_get_central_archive_p32.json	exam_list_archive	25243	20	fdc65fa79fa40d9039f147ea3db608c984bb8484a17069298cca71e787cc9de4
pages/question_new_get_central_archive_p320.json	exam_list_archive	29597	20	8aba1ac26a3ddb46818eec1234a3b8f4278c375b49e2cb32a86b1b7be604e523
pages/question_new_get_central_archive_p321.json	exam_list_archive	24334	20	7302f18d29f02182d28e784cb73c8fe824497ee33e7d2fe663dbe4ed5507716e
pages/question_new_get_central_archive_p322.json	exam_list_archive	26520	20	6b03132c3a30b1b78f360799c828a90b0a5cbddf6c6154946f60f57e941b001f
pages/question_new_get_central_archive_p323.json	exam_list_archive	33371	20	2d5a76cc6fdedb86d14aaff539a48930c3c40a9322a0d23c35e53fe16b7203cb
pages/question_new_get_central_archive_p324.json	exam_list_archive	24672	20	20deb41ac7a73d84eba0bb7db91e2bb10d491c6f5bdf75b72de6cfd6b048695e
pages/question_new_get_central_archive_p325.json	exam_list_archive	30352	20	0c8e9c3761d4e73d7967e55ff9d0bebc3d437ed963825ae71996a3c51b99530a
pages/question_new_get_central_archive_p326.json	exam_list_archive	25149	20	8e614eac55da84de3c864107658bccd5cc9d7447d933db9ec60d3b57903054f0
pages/question_new_get_central_archive_p327.json	exam_list_archive	27905	20	c2e5d0f51222508258d26a9eac12c0176f67e44d940eec9de5d276bafe03270c
pages/question_new_get_central_archive_p328.json	exam_list_archive	26138	20	951ccb8a2858ec1cb4f6d7a6c97969d5aed794dc17887d17fa4550dc20e8bfcd
pages/question_new_get_central_archive_p329.json	exam_list_archive	32444	20	4f2f5985adc4bad85526339f710993eeb44f2c945291e3ddaf44e7699c705b7f
pages/question_new_get_central_archive_p33.json	exam_list_archive	25351	20	769f4df2133d3cce78597d8696e10389c13c780cc6400d0ea8dbf333f458c9d5
pages/question_new_get_central_archive_p330.json	exam_list_archive	24700	20	e4d09a0b3397028d91414af0c137236886f352b9a96aec77aada5c0981d765ab
pages/question_new_get_central_archive_p331.json	exam_list_archive	27259	20	3af340115e58b90914da9527009fac6f5944821162702f6f9e45b5569b8de551
pages/question_new_get_central_archive_p332.json	exam_list_archive	27397	20	1248212214f50b4d680cb4fce9d09a0fc6a09f48c726a5cf89e15f177f8f0c0f
pages/question_new_get_central_archive_p333.json	exam_list_archive	30326	20	eeb93ada91163276f50a6fd16b60dd8710d7083a1600f444d21c4329da386203
pages/question_new_get_central_archive_p334.json	exam_list_archive	32205	20	0d77cd34e754c027b5f99bcc2cd18e3734b442bf04b69bc82224588ca1e2d7cc
pages/question_new_get_central_archive_p335.json	exam_list_archive	27328	20	1481f8c0cb76faa1bb5c476d8bda5bbe48c13a5d107ead78a1b5132b738c904f
pages/question_new_get_central_archive_p336.json	exam_list_archive	31008	20	08e655fd1ee14311c9938962df48794032372e1584843d248a4d19dd4196b7a7
pages/question_new_get_central_archive_p337.json	exam_list_archive	31310	20	39ba84d6a3c65e93a264fa2d292a3653f9baea58de7fcdaa9082855a10755cc4
pages/question_new_get_central_archive_p338.json	exam_list_archive	27225	20	afb978fca823c8931d73064debbbb1ef9b4ed3b0ca991e7b368df937ff5d1022
pages/question_new_get_central_archive_p339.json	exam_list_archive	25698	20	dc66e83dd0507c2940868334962a6fe21698bafe005af9b283bcd965ad885470
pages/question_new_get_central_archive_p34.json	exam_list_archive	28255	20	545f6fe170a449d06467ac05beec27695c6513cb1f9215d0933164f979f76b72
pages/question_new_get_central_archive_p340.json	exam_list_archive	28249	20	e90bb70c56b95923735e6574bd0921cea8452a4469785a1fc96687cb6857aa35
pages/question_new_get_central_archive_p341.json	exam_list_archive	27182	20	b500432d4ff795767d51c67293b218e61768bb2d1e0e6956523545c99a938385
pages/question_new_get_central_archive_p342.json	exam_list_archive	28211	20	497186895859030018dfa4f72601f2e9c7bc7c4f492b841ebf20ddd7a1519e61
pages/question_new_get_central_archive_p343.json	exam_list_archive	26318	20	27d380dbc1171354cdebe7cbcdf81af16685c31541d2c5b3e5e8f9d650ef0146
pages/question_new_get_central_archive_p344.json	exam_list_archive	26369	20	973f48cf56f27e2d4163eda9cefcb8419888de26df01ba4dada3bff17d5a4b5b
pages/question_new_get_central_archive_p345.json	exam_list_archive	30170	20	291f05d0d76a05d9ffac1dd42a613be5712f66cace861473e89f219e7f7d27d1
pages/question_new_get_central_archive_p346.json	exam_list_archive	27796	20	e48ddf7c03bf7a89d41f01c52db81f7b5576fa1148e9dea042c80e0a57076010
pages/question_new_get_central_archive_p347.json	exam_list_archive	24178	20	ba0fd400d5da520228c1efce3f6ff305edc4a2e269c6111e10aa6da1ce7bbe0d
pages/question_new_get_central_archive_p348.json	exam_list_archive	29202	20	4f3da988684aaba6511813e97d2fb3ae9a0a38fe06568156670be152d372b450
pages/question_new_get_central_archive_p349.json	exam_list_archive	27421	20	4a7197a74b397da27a0d4faed8a561aa621af4f13c3c6a21630e50bc62ddf788
pages/question_new_get_central_archive_p35.json	exam_list_archive	26983	20	9f0d11b79ec491256fd17eed4b28af7c7c2aee82839496582b14cdae3d684090
pages/question_new_get_central_archive_p350.json	exam_list_archive	28192	20	e20bfe0d66026b69bed9d8e4ee8665ebdd2efc3c222408013de5744e06facc4b
pages/question_new_get_central_archive_p351.json	exam_list_archive	30213	20	636b71d5bcd85f9c092a3774a6a9f1f41b8e2db595da5f112c3126af99c60326
pages/question_new_get_central_archive_p352.json	exam_list_archive	25009	20	46cb801d4d59efca5ab7dbbbf850dacb6b584bd0e0bc671215a15e57be11524b
pages/question_new_get_central_archive_p353.json	exam_list_archive	27902	20	c894186b8d1d8167a92c861a549a292a3487f46b6f92417cf0b8a7253b3a71a9
pages/question_new_get_central_archive_p354.json	exam_list_archive	28061	20	6324ec5df4a6ef0782c07d3e63f6ca50016c598656171eca92821ef933ff2388
pages/question_new_get_central_archive_p355.json	exam_list_archive	25126	20	da0ef9b5caffae018e0f3abeb291aef0fa52d2bfe2ba66a3276630809b5026fd
pages/question_new_get_central_archive_p356.json	exam_list_archive	27555	20	001b8bf41d1452d1a4499f387de48d1b01abd3558de182d3775126b2d4c6b29e
pages/question_new_get_central_archive_p357.json	exam_list_archive	22082	20	17816e7ce689b6b451fac758a2f3231e56a38813d45a1ea9fa80d261e714b3e1
pages/question_new_get_central_archive_p358.json	exam_list_archive	27452	20	e3f881afab226ba8c3f466302e9b280793b3f9c3feb90601d24171c5a6abf054
pages/question_new_get_central_archive_p359.json	exam_list_archive	25206	20	614a360db041567599145c8b59257db85bbd24b407ba5e8352cb8b88343849d9
pages/question_new_get_central_archive_p36.json	exam_list_archive	26945	20	ab680c4d83fe1f2691bb443dda065b9d518e8b529fb51e49b8faa477d67d838a
pages/question_new_get_central_archive_p360.json	exam_list_archive	26547	20	f14c856801e1f0ce6d0f4d4753a562a9e3a850cd61572ff9d1d1ae409982e347
pages/question_new_get_central_archive_p361.json	exam_list_archive	25130	20	b206dd7901ba5dfe274e4744cf47cf17e688d1e56f4c7ab44066161ca5c8a6f2
pages/question_new_get_central_archive_p362.json	exam_list_archive	20591	20	609f1b1d0731b15550713371bbd1431354ce66984092a4b157c517daa506aebf
pages/question_new_get_central_archive_p363.json	exam_list_archive	29115	20	30bdc644dc96192d215bf38214430dc0bc1e21c2299b63f55ac15510d4687f84
pages/question_new_get_central_archive_p364.json	exam_list_archive	22154	20	b0267292e777b44bdaaa04f6ac8087dd91bbb0e47e4454a292ca78b1d6e048b5
pages/question_new_get_central_archive_p365.json	exam_list_archive	22186	20	9af8a2de2cf2ef055d88443a5e9990e64585a48c8e3b3c291b54c6d4c63270b2
pages/question_new_get_central_archive_p366.json	exam_list_archive	20774	20	e9f495ab6195080e2adcf6adfcaadc1307f95fc26457872d0fc4511b1be3d545
pages/question_new_get_central_archive_p367.json	exam_list_archive	20859	20	f8e469289dbd3e119e789da06f0eeaf2eb39bbf8bde271096f29cc229dc46dec
pages/question_new_get_central_archive_p368.json	exam_list_archive	25336	20	399df5a7f6c5276021750e00feab0bde9f75ff22f350897f488ef6c48dab3259
pages/question_new_get_central_archive_p369.json	exam_list_archive	20855	20	e70c79185c3df75cadc202de18ca089279a0952a8adc55dcbc210e9a12206953
pages/question_new_get_central_archive_p37.json	exam_list_archive	30568	20	9360c1b1c44485acb9ee2c145bb97fb7fa61671e416a3898e6746b7c76fb5b26
pages/question_new_get_central_archive_p370.json	exam_list_archive	20957	20	aa43bad5f8510dcf93ccbd80d58db5549e5e76b15f476250c8ea49d93bc2f788
pages/question_new_get_central_archive_p371.json	exam_list_archive	18722	20	b646957524843877d1ea8be0d24bee0f7e1a4204907e4c166b1b8bd70708c062
pages/question_new_get_central_archive_p372.json	exam_list_archive	21724	20	e679ea77f1450fc3eda90b80faccf9cf7fc5cdbbd852b3a9d543dde9fb853656
pages/question_new_get_central_archive_p373.json	exam_list_archive	22751	20	a910bddca97b8c415b78e2d5bb6a2aba0f216b86bebd04c9a1e51cec39d98c1c
pages/question_new_get_central_archive_p374.json	exam_list_archive	20234	20	f4fbfe32c43010e955246f7e2c3b6768e4c8a6832f33b37315cac00d4f207952
pages/question_new_get_central_archive_p375.json	exam_list_archive	21862	20	a8cc44ada7dab39cae5b147b788454ff66c2b08bcd2c4fb62dc0ade9dc43835e
pages/question_new_get_central_archive_p376.json	exam_list_archive	20574	20	ec1d1b12553f94f151bbc093de2f194094c2fb79b62eba458d0d53dda0edeac3
pages/question_new_get_central_archive_p377.json	exam_list_archive	22183	20	6d3d6dde5843df7e23542f6c32e0c130e25c32ded8319fed6604aaae23f6dc15
pages/question_new_get_central_archive_p378.json	exam_list_archive	25864	20	0b3ed6b18e4517d1957f97066fe795d7b0dc1ec2c843dd6b663fccbf0b29d735
pages/question_new_get_central_archive_p379.json	exam_list_archive	20978	20	441eeb341fe6fdea7e2a6b9b524ba6e3f21f4588e10cc5bdafeecffc4d52d0c4
pages/question_new_get_central_archive_p38.json	exam_list_archive	27566	20	e166231ab593eed81f256be12c9a00f099a069140d5eb5da9f94bd83e1635066
pages/question_new_get_central_archive_p380.json	exam_list_archive	21700	20	eb37082e4285516530815c34d5a909b2429daa4352f6fc68e00348dde6fb5cad
pages/question_new_get_central_archive_p381.json	exam_list_archive	21443	20	c804ff3d13abdfe56a1dd2bb9e6f8708f65e03428ad0009bf63576a1dce96064
pages/question_new_get_central_archive_p382.json	exam_list_archive	25821	20	814aa409f00909117ad236a41a55141619af1ae9672a2a17cec11608cfeec512
pages/question_new_get_central_archive_p383.json	exam_list_archive	22376	20	355a6ae3b2b2dfc23a558416815edff65c41d53a7f916cb3b2f9b943b89e2221
pages/question_new_get_central_archive_p384.json	exam_list_archive	23216	20	7ecabb6356eed0447f1c2148dd4640c98ebf70deb66ba2a5c54024d04d6dc74b
pages/question_new_get_central_archive_p385.json	exam_list_archive	20385	20	503eb192513163ea03a2462298c7f881baee9d963ed5e133763ed1289790143e
pages/question_new_get_central_archive_p386.json	exam_list_archive	26007	20	4387cb5d130bc90508eed4930245ebf6b53be00480f890109f2ebac1fb4eebb4
pages/question_new_get_central_archive_p387.json	exam_list_archive	23911	20	25d5ff30742ac2aa8e3d597879b7d35901bcd1c4e2aa587414117747951a43f8
pages/question_new_get_central_archive_p388.json	exam_list_archive	24490	20	c510e5f1f855add33e6fe977cd099f4cc04a04c93a442e6aa08ea01b88d51346
pages/question_new_get_central_archive_p389.json	exam_list_archive	22351	20	951c1519d3bb6ff6ba4daa2eafbbfaae62e1a5d8fbf70789a88ce8a6e1ab7b55
pages/question_new_get_central_archive_p39.json	exam_list_archive	24265	20	9ccfbbee9cf7047e46fef61ab2855ada8faa18194a480e2a0e71e04228d7063a
pages/question_new_get_central_archive_p390.json	exam_list_archive	23124	20	331061258615b9aac93f1f135068b53e96b1fb30c0dc4e88ada1efda9767dfaf
pages/question_new_get_central_archive_p391.json	exam_list_archive	27454	20	74099b4e4b1641bb06682c6423e19b4aa88a695f08a4fff9cc96c662cf9f2032
pages/question_new_get_central_archive_p392.json	exam_list_archive	18716	20	8796d09bb33a1aaa139b05d37a874ea4a342dc71be56fb72e12877776042d07b
pages/question_new_get_central_archive_p393.json	exam_list_archive	26315	20	2ad7f18b399b58654fd95b0b3e211deb18323276a95af4e5da7a8c60cf9828c9
pages/question_new_get_central_archive_p394.json	exam_list_archive	22611	20	639c0cda5a60bd701e10d52313d01cd19f34b4105ee2200bced9df952b3a81bb
pages/question_new_get_central_archive_p395.json	exam_list_archive	21714	20	104d7136e875d06c2287b797d993066cab203aa87cbc04d5cc366f594253ce99
pages/question_new_get_central_archive_p396.json	exam_list_archive	26536	20	ba8ee918035f513465ad6a579b55f42fcf6c617608fc41c07b18d6816284f9df
pages/question_new_get_central_archive_p397.json	exam_list_archive	21471	20	374f85851466208c9765d185665f3a7245096b444429703bd8be7ef4e824370b
pages/question_new_get_central_archive_p398.json	exam_list_archive	25971	20	75624f348b06ed152378ebdca4a82d629eace90e90919b3f2a83c05fee98de42
pages/question_new_get_central_archive_p399.json	exam_list_archive	27309	20	c0744f990772975c1be9d1a43af31c799a105a9d56e48a39a22fc7665a4df522
pages/question_new_get_central_archive_p4.json	exam_list_archive	25805	20	c1374ae992eb991fd617db949e27c2aeaf6f53b1e0fad9226e5f8efa8795a193
pages/question_new_get_central_archive_p40.json	exam_list_archive	24478	20	c742dbf9d3993d3b0068fcde7e6dc8eafd72a7bc49f484d5b59dc5deb096b7e9
pages/question_new_get_central_archive_p400.json	exam_list_archive	24664	20	80234883973ef33e6349934d6f8acb94777bbc6945ae2a2647d6cd5908939387
pages/question_new_get_central_archive_p401.json	exam_list_archive	23902	20	3431be00c5aa31d3af0e56aafd6a9873770af8e6979dbf419c4e716c2238651b
pages/question_new_get_central_archive_p402.json	exam_list_archive	23738	20	ef48f993f1fdf6ab636b63da6101bd41b7bbf907d47fe3ba82e2be58f4faeb6f
pages/question_new_get_central_archive_p403.json	exam_list_archive	19973	20	f473ba6915182793cf7f7d1d07a0bb248e6b2ee443ae3ce8fd634b639517f0f3
pages/question_new_get_central_archive_p404.json	exam_list_archive	23805	20	74211aa4882772d69b258d5c3cdf1672d048654223639e4b65bb0d3b127dcffb
pages/question_new_get_central_archive_p405.json	exam_list_archive	19634	20	d6d5c5084c0bdcf10463701b96a8666239cb09f8142ae0db051af512b51d5113
pages/question_new_get_central_archive_p406.json	exam_list_archive	22029	20	c15a155d3e407ad7d4b1d52c8e3d6bd040309195943ffbee2cb9113001f3bdef
pages/question_new_get_central_archive_p407.json	exam_list_archive	21022	20	b72838cca535c17b7e59865e8ba925ea4a85c82159119f1329ea94945b872255
pages/question_new_get_central_archive_p408.json	exam_list_archive	21628	20	eaadf9fcb8441f93a3365bac379ea7a6ee8972c3365f23d1362dd239db9ddf27
pages/question_new_get_central_archive_p409.json	exam_list_archive	19255	20	8b662ef2bdbc61a0559b8a0733f8002a4cf993f9a03f3629a7e3f4fe33e884c5
pages/question_new_get_central_archive_p41.json	exam_list_archive	25149	20	5299989abe24bfc4c310f467823c75a80e62b9d2664d1a1e2ddb4a43ed2f55bd
pages/question_new_get_central_archive_p410.json	exam_list_archive	22815	20	103237af66c77d681788ed846ccc1fd7b27cda2965a08d88d108d148ed90b49f
pages/question_new_get_central_archive_p411.json	exam_list_archive	21079	20	f8aa9f1060ec51e6d92b8d8fc2cf4cc482bfb39b3c9798775777493dd8a8efc8
pages/question_new_get_central_archive_p412.json	exam_list_archive	20121	20	5799652348af5db16e6cd714ae28daa810eb8defb78cb94101e48dd1f10e9fe5
pages/question_new_get_central_archive_p413.json	exam_list_archive	19096	20	0ba6373913f689c1dbe0ac2b37d8d412a39e1e1c5e93574409ebc23e3e4a2b74
pages/question_new_get_central_archive_p414.json	exam_list_archive	18659	20	0edfa712bae8564dcb5eb6c202f3867f36385f65fe0d8992c4b7566196e8095f
pages/question_new_get_central_archive_p415.json	exam_list_archive	19399	20	713f6eaae56d2376502587a0da8fe10eae48fa4686b3402b164cd6b6e3ec248a
pages/question_new_get_central_archive_p416.json	exam_list_archive	19854	20	7a87f0ed737cb14fa66e60561cf65b23fc2be182d80a754658264a6a4dddbb58
pages/question_new_get_central_archive_p417.json	exam_list_archive	22530	20	b2c053ccd8a3bfd772ddf6972d8ac4078408789e1c5b44b6a490fb9bf600fcac
pages/question_new_get_central_archive_p418.json	exam_list_archive	25249	20	48bc3cc6447a64c5822e6318dfb96f37f1d06948500ace9916269c175103870d
pages/question_new_get_central_archive_p419.json	exam_list_archive	20902	20	26d79ce72792e15c9a4dfa3cc2aa7440105e56dcca3eee4ac4dd3d650c5eb827
pages/question_new_get_central_archive_p42.json	exam_list_archive	27940	20	8131f25da976835d970f38f408da832955a33d39db504d217b26a3606f7f353b
pages/question_new_get_central_archive_p420.json	exam_list_archive	22187	20	3e67ccafbb1fdfacbdb37e3b99266c2d3d2eba861f07fa067fe7c78efcf1e032
pages/question_new_get_central_archive_p421.json	exam_list_archive	25870	20	3c3c8871515a8db07ddb42ba4dc39220fcda344a1522f038b038ff1b30e95d99
pages/question_new_get_central_archive_p422.json	exam_list_archive	22163	20	7d8053775c08a12b204d3d1c97dfe21aa18b6e3a77095d1e12d62499419ac7d6
pages/question_new_get_central_archive_p423.json	exam_list_archive	23739	20	fabfdedced880fc36bb5fb51553c9f0f7e6bfec0e3f3d28aba9ef66a9b6ce8b6
pages/question_new_get_central_archive_p424.json	exam_list_archive	21753	20	7c8f420c7493238d470e39bfcf0ad277a2d4ab1e319306d6d24d099456d21ff4
pages/question_new_get_central_archive_p425.json	exam_list_archive	22601	20	2f00214c5fe28bcf3fe4de65f460f64db41efdacca345942258df1c87fe8499c
pages/question_new_get_central_archive_p426.json	exam_list_archive	22612	20	a0bcffe84753affa7f5592a1bd5068218093c8576886a6020ab0576fed3f2c35
pages/question_new_get_central_archive_p427.json	exam_list_archive	22627	20	504bbc82715e2b81decb08a0ff9520b9838df454496cc09c70e7dc06d84d0006
pages/question_new_get_central_archive_p428.json	exam_list_archive	19506	20	7d0023e4d0418a775ecc20e1c4b3334fe5b5ffc0f562a0ff8b400481d0634631
pages/question_new_get_central_archive_p429.json	exam_list_archive	21786	20	f6b287c113b60d66c1c02f0b7e3ff352b64183ba2249cba8bc92570eeb93496c
pages/question_new_get_central_archive_p43.json	exam_list_archive	24203	20	2d05bf40989056942d7a30d5dc6d5bfb64793f56fa6a5d19b6a717de5c5867ef
pages/question_new_get_central_archive_p430.json	exam_list_archive	20556	20	33f95f3ef3376a1be3c6a3b35335601c584b4fce2f3289b174948426030af255
pages/question_new_get_central_archive_p431.json	exam_list_archive	20177	20	4bc2899494a88091bff44c3fc352cd36c8fa7283c6b453e828600db6ddc04894
pages/question_new_get_central_archive_p432.json	exam_list_archive	22348	20	4a2af2cbfdc95bb84fee24ed520643655891069b28716b8c329c821a79c82a1a
pages/question_new_get_central_archive_p433.json	exam_list_archive	20335	20	e8094ea60c8bee1f37d2a10a6707ea30649e05be498c9fb0344aca105ce8e69a
pages/question_new_get_central_archive_p434.json	exam_list_archive	20071	20	857a68eb6bb9ff98820c3a88ee1391a3306b6cb69588f88d680dd58852c7dade
pages/question_new_get_central_archive_p435.json	exam_list_archive	21383	20	5fa9f74e57a7c250980fc91b00bbaaed7c6f0ddff965373db5bcd8e96acfdec6
pages/question_new_get_central_archive_p436.json	exam_list_archive	20993	20	dc82d7156d0bf4631b764dcd57cf03723270d323ff147a28df02a38ab7d89e56
pages/question_new_get_central_archive_p437.json	exam_list_archive	19214	20	8bc50e445f657a019de0d2a5877132b9876eee14eff450a278d7e4174a942e68
pages/question_new_get_central_archive_p438.json	exam_list_archive	22188	20	255d5e121702157cb85441e57e614a7f2bda96776b824b8c55c7691404fde65c
pages/question_new_get_central_archive_p439.json	exam_list_archive	20661	20	97d6e5e9eafd3b1cede39a73fea2b21cb6e1395df09321a91e876459c011288f
pages/question_new_get_central_archive_p44.json	exam_list_archive	29102	20	dd3575b812b648ad86c60432f9f35ad68c742f3d93d47a4b71696ec6fe71d393
pages/question_new_get_central_archive_p440.json	exam_list_archive	18559	20	d7bb4dc33256065f3766e7c8c3d4090128107cbf9093ef7561a30d8e16c14474
pages/question_new_get_central_archive_p441.json	exam_list_archive	20198	20	734937966204f3a41cc2af5742d2a267c6c1207d2c16c2f41d9195f5a4e8cd00
pages/question_new_get_central_archive_p442.json	exam_list_archive	17697	20	dd2e1d5b1c1b90bc7d1ebe9b367b349804018244983efd6974f24f9df7309b39
pages/question_new_get_central_archive_p443.json	exam_list_archive	21372	20	0b5017ffe3ea4c9c374738d5d76dfff5f2de3d5784fa2680728932708da4258b
pages/question_new_get_central_archive_p444.json	exam_list_archive	22200	20	43fb1428eb333b17c4e8d721229f3a2852333bfa47d392683443be5aeec5ae11
pages/question_new_get_central_archive_p445.json	exam_list_archive	20480	20	7ddc91ac1ea996cba5dbdb9c320f58a9e49f1ffb0d6fb5fdba5dd43455050c54
pages/question_new_get_central_archive_p446.json	exam_list_archive	23005	20	855d8e40d9be3165ed357ba8404d152566695ef76c6aa7550c5cecd4375b098f
pages/question_new_get_central_archive_p447.json	exam_list_archive	24935	20	7a6923fcf4576f3184f3989501c476f7a7e6b4e98624939e25d3137b76466317
pages/question_new_get_central_archive_p448.json	exam_list_archive	23889	20	976ea42b4aba2cd396cb7074244ab596e6dbc61dc64a9f20df0c5f4dc72e6031
pages/question_new_get_central_archive_p449.json	exam_list_archive	25341	20	ce5aeafb8065ec65f1c9ea426fccaee4b3e3c199fab93603a2aec64a008fc56e
pages/question_new_get_central_archive_p45.json	exam_list_archive	22098	20	3edfad1e565b6e6d0f3a6e160b350fffdb98684092d16d92c13cfa5403a2b319
pages/question_new_get_central_archive_p450.json	exam_list_archive	24624	20	7916c054ea347ec31261306d2a35909dbabf05684bbdf9555e6ae0d1fc3f18bd
pages/question_new_get_central_archive_p451.json	exam_list_archive	19014	20	4ca723647b1ef4b38e2528a1b36677586132656f95528c5370bd827f0c3da0ef
pages/question_new_get_central_archive_p452.json	exam_list_archive	26219	20	5ab615550a0fb245ae56673c9b5616dbc503106413508b9e1c65c512b8f100f8
pages/question_new_get_central_archive_p453.json	exam_list_archive	23036	20	31189b8f5b2c9e0952aad3487076cde1e46cae1bee42e9d51810c1bbf975545f
pages/question_new_get_central_archive_p454.json	exam_list_archive	19944	20	10f988f5697be6ecb9a90d9ccb1b137c9cce7db8f5c206b31069a4326269b4dd
pages/question_new_get_central_archive_p455.json	exam_list_archive	22912	20	254d72c80ee68a86de524ce79124745359a0476e637c3fe2feeabf0f51c767c3
pages/question_new_get_central_archive_p456.json	exam_list_archive	20570	20	2981f67a7757ae5a0d08861d8e1d825161f9dc339efb442235a5c740a862f422
pages/question_new_get_central_archive_p457.json	exam_list_archive	22738	20	d182b03975fb749aeea90d7280c1a6336873bcd2dd765e009bb40c2bbb4ca56f
pages/question_new_get_central_archive_p458.json	exam_list_archive	23765	20	9880569df966a061f240e44a8f890c1569cb84e8339ec9791eabf938c8408b86
pages/question_new_get_central_archive_p459.json	exam_list_archive	26018	20	f50221511d4fee3f4b7232a52337bafbaef350a5848f14d655feb97cdfa3f9ba
pages/question_new_get_central_archive_p46.json	exam_list_archive	29811	20	656bb4ef9be4f2b7045e64d2fd0f557552e59c2d29d02c51720e2a2023e1780f
pages/question_new_get_central_archive_p460.json	exam_list_archive	23399	20	452471bb06fb7114cb0421212fdfb4967d4cdd17ca4eb6ac71671e4536324eda
pages/question_new_get_central_archive_p461.json	exam_list_archive	22812	20	2458ba99e1e8da8ec76d8cfdfd2a21f44aeab117df63d244b305c7421e315d7a
pages/question_new_get_central_archive_p462.json	exam_list_archive	21727	20	affc86392d25d5c646a414a547303b2a6da62a9613036003746c7302edf17956
pages/question_new_get_central_archive_p463.json	exam_list_archive	19612	20	81f63da1ed51aab0f15611333408efeed99a0746397304f78e1215b5eb288c58
pages/question_new_get_central_archive_p464.json	exam_list_archive	29376	20	46827b0f7ef5410dcb695964b847b3f713633ed9e4077b6d44fb0892a03adb0c
pages/question_new_get_central_archive_p465.json	exam_list_archive	27275	20	0bcb2f1674f6311efa9a7d1740ed133e06c271490a0cb4975a8e38df907bcecd
pages/question_new_get_central_archive_p466.json	exam_list_archive	20109	20	2836fdcfbc37c4259bcecf2af4f9c98c32c9d3220f0613dcf9c430d7d246a9d6
pages/question_new_get_central_archive_p467.json	exam_list_archive	29993	20	0b73e8d70b1395f3d0fe7ee185db97000d460c51d9ae13ce794686118bd249d5
pages/question_new_get_central_archive_p468.json	exam_list_archive	27871	20	177d0797e41e1324ef64f8094af4c1140b9c79646aab51bd9d51321dbc0deb7c
pages/question_new_get_central_archive_p469.json	exam_list_archive	30301	20	8d6534cacf3f2395a28a0855cec1d87814759a693917a7dd6eb3962ea68bea57
pages/question_new_get_central_archive_p47.json	exam_list_archive	28294	20	14b3c1cebd6945205f037feb6029236ab2a80093f7cb93b2f2b8b6ccb68fe8d3
pages/question_new_get_central_archive_p470.json	exam_list_archive	32196	20	c83b63127243fb23ad77990c0ad51d00cfdf1d890a1c94b3f5125a88af895eb4
pages/question_new_get_central_archive_p471.json	exam_list_archive	33799	20	ff91c619094e114af74ae01eb2e4e00da6916f9a7535ee7450b9b4752de058be
pages/question_new_get_central_archive_p472.json	exam_list_archive	27035	20	62ede8a3586766d4fcfef4edf7add2e48122199af553a2316bba3946a0427824
pages/question_new_get_central_archive_p473.json	exam_list_archive	30315	20	079b5780a527810a492ae69be6e8a093e2e00ad78891a287b88655d1adbc5247
pages/question_new_get_central_archive_p474.json	exam_list_archive	32644	20	2a37410a1cbd36ff511196cea25ef475c044626692816bf3653956f8e55220ea
pages/question_new_get_central_archive_p475.json	exam_list_archive	25342	20	2f1f6b23ff05f56a39bb0bce34ea5f74100ce89f011dfc77e27899650e67b0ee
pages/question_new_get_central_archive_p476.json	exam_list_archive	34553	20	c51d2d23b9e7d9ef6c02875d58f1285f1bbde9df12f01b77379b3eea0fb6e1dc
pages/question_new_get_central_archive_p477.json	exam_list_archive	27848	20	bfd58feacc36e4142b7f95242aa8de02c2ae5de61f9e075343c92fae4063417f
pages/question_new_get_central_archive_p478.json	exam_list_archive	27343	20	1ddeeb2394097f0d4fed4b71598f485e9b311b4f60228a84d90128a66b4261b5
pages/question_new_get_central_archive_p479.json	exam_list_archive	25628	20	0189885b181e0b2f665728e1453ed7633cee6eac21177b49d09a05681da6461e
pages/question_new_get_central_archive_p48.json	exam_list_archive	30272	20	8a437d00e2c83cbccf108be813301ba8b427634eb2ca955cf0a445c950b8cf99
pages/question_new_get_central_archive_p480.json	exam_list_archive	22714	20	9d8582ddec846fd9b5443a95d4ebffcf646bae4cfb8d951cea8bc8bd71e8eb9a
pages/question_new_get_central_archive_p481.json	exam_list_archive	28674	20	a973e0c03b923fce01263912b101cdb420c7c55ef83213845a9720437c202e9a
pages/question_new_get_central_archive_p482.json	exam_list_archive	22515	20	ff2a5fa2626c06b252ca01c76505ca39ee962ade72032fe865b1917507d4e2d7
pages/question_new_get_central_archive_p483.json	exam_list_archive	24228	20	8d981ea08ef3165484d59b5b1d7fa9d5c909f487ca056f5b6d0509d116632622
pages/question_new_get_central_archive_p484.json	exam_list_archive	22501	20	fcb29967e77270161018fa93324247458041c49199266b9ad33b73f727fe13da
pages/question_new_get_central_archive_p485.json	exam_list_archive	22961	20	bfb00229a99b0d7ba2c6725aed7deea3723ee38fa0911b756f55a08783114dbb
pages/question_new_get_central_archive_p486.json	exam_list_archive	23618	20	c9c24b6d3bea70ece4a4876e24b7bb77cd32a98dab8a46fd52a020ae4f64a8ec
pages/question_new_get_central_archive_p487.json	exam_list_archive	20665	20	3090d7359307c68101da93a67264c8aa96806bdcb11cb4f46011766aaa544993
pages/question_new_get_central_archive_p488.json	exam_list_archive	24134	20	ee17bdee60b108cb89e7c7f0f5c4317ffed62bf20f2d9878704e7eb79ab48bfd
pages/question_new_get_central_archive_p489.json	exam_list_archive	24710	20	a02a9258aba9c721b71f87ad8576e212cfc30d43e4c1e9647aa810715925cdb6
pages/question_new_get_central_archive_p49.json	exam_list_archive	22649	20	6388a8a7cfd9cad5ca78f8520b35b970a62935dd3ff324fd041debff6dfdb545
pages/question_new_get_central_archive_p490.json	exam_list_archive	22580	20	9f7cdd5224f35d745f6a896b0daa73212886e4cf00cbae156e7a9d790ea24d07
pages/question_new_get_central_archive_p491.json	exam_list_archive	22620	20	f046ad88aede1db98e47aed877339f1824a93e6b92576811d3cc78217fd4c846
pages/question_new_get_central_archive_p492.json	exam_list_archive	29095	20	ab574c3530dc353d94bb0448b58b94e30f5a8e22c7cc87124a88c14b393e7f34
pages/question_new_get_central_archive_p493.json	exam_list_archive	20685	20	cd518395bfa7d68aadb6ef20793140ed394907a6793db0b668bf0827b11e77e9
pages/question_new_get_central_archive_p494.json	exam_list_archive	23947	20	ee022b1d7990242de4eb0be00b468d3d2d003ac1d5ffa8a034fa249efb61d23b
pages/question_new_get_central_archive_p495.json	exam_list_archive	22990	20	457d6837b9353455efaad72027ca69b3d3e567983239734e456c96a61dd02201
pages/question_new_get_central_archive_p496.json	exam_list_archive	24013	20	fe5af1cb37810e9fab8d99672791d030c5026adb93750795d22f878778c5a626
pages/question_new_get_central_archive_p497.json	exam_list_archive	22760	20	a6ea1d49c850dcc9c9961d44f1191efe27ae9f2c36335eced850b2314fbf2cc8
pages/question_new_get_central_archive_p498.json	exam_list_archive	19656	20	4cb01c4e16f8663ed1c9049f920797347064a50980a31e1f1e111b38f964c719
pages/question_new_get_central_archive_p499.json	exam_list_archive	21126	20	1638ec334924ec328a1019f14daca3a5359ec94c0868cad2ffa791b75bf19fbf
pages/question_new_get_central_archive_p5.json	exam_list_archive	23841	20	80063899f3d8178739fec3c3724c255ab99388835d87bb2ba5fa45378af3c58a
pages/question_new_get_central_archive_p50.json	exam_list_archive	27880	20	c3196a776b8b01d3bd3f7b03d004fc8cf7c75801d43029eb8bccd79d0bbaaec1
pages/question_new_get_central_archive_p500.json	exam_list_archive	25190	20	f7016311f17b04c05dea740cd0268351be36ad2056aa7e4f7bd27eb505eba660
pages/question_new_get_central_archive_p501.json	exam_list_archive	20713	20	677930e03ed02b66f169c4253d15b7ccb03d4654911263fa88474f21731e4bee
pages/question_new_get_central_archive_p502.json	exam_list_archive	26438	20	91c3c6b5243968598a5cc862ba446f52c29c8902a3daa0594d603953c5350f34
pages/question_new_get_central_archive_p503.json	exam_list_archive	24064	20	99a88df26d5b79fc959b2a66926d97fa1c753ade563263619d1cc7705d98cce6
pages/question_new_get_central_archive_p504.json	exam_list_archive	22250	20	bdf35e8e846f91adff3047bd09209557dbdb1c2f010f58f02b5cb8d724348a1d
pages/question_new_get_central_archive_p505.json	exam_list_archive	24887	20	3c0af54f8b445ba1b0e1e3bb17b3b4966af87187167b034a7efb9cc235d5771e
pages/question_new_get_central_archive_p506.json	exam_list_archive	22983	20	3e58da23ddddac8d3e77775fc0b584c5f2a8fc640749cc4a39191be77757b497
pages/question_new_get_central_archive_p507.json	exam_list_archive	21904	20	168b955c7c69dbdbe4c400eb3848e4d0438f610e5b3325f1ec3c7ec730bcafaf
pages/question_new_get_central_archive_p508.json	exam_list_archive	22426	20	995c819c0fb0cf51463cf293ac38c658f82aed1364b6d771a8bb80b6d5f7d8c4
pages/question_new_get_central_archive_p509.json	exam_list_archive	21296	20	3ad7362095f533b41413e020f0839bc314e2b4a9392e282f9effc7ca5bcfad69
pages/question_new_get_central_archive_p51.json	exam_list_archive	27118	20	f3ddb1aa89add2f41a105601db6ec94efb8cc4d0b826b9a8f93d2c63049abc8f
pages/question_new_get_central_archive_p510.json	exam_list_archive	19695	20	8cfb268d52cd30dfd6dadafaaf2c51f7b472bbb2fcb59e87a0900f9baeceffe5
pages/question_new_get_central_archive_p511.json	exam_list_archive	21056	20	109cea17aba8e41ae0e5e2d814088f0a4ce6503dea67e60b66869b04d23b882c
pages/question_new_get_central_archive_p512.json	exam_list_archive	21524	20	6dced0cdb37361ef3cc801b5e1b67647ea79f8082f2109e4a5f8ab8607fe03f4
pages/question_new_get_central_archive_p513.json	exam_list_archive	22275	20	82ed5f5ffc9a97a0d17af77ba84460a5f15455f73c7a841c5163d07c152ff950
pages/question_new_get_central_archive_p514.json	exam_list_archive	24961	20	53ef4c27aefefa1290750d9374af1f9dcaf44ddd0c9f6d64823ec2fb8646ca1f
pages/question_new_get_central_archive_p515.json	exam_list_archive	20590	20	b5ff55d1c3dac2c5dc159161fe5ab0d934c58c15796c663bd5c75e68fd48a999
pages/question_new_get_central_archive_p516.json	exam_list_archive	20585	20	88324ea272b54572369698cb61f036f2b84e89eaa4a97a5df891349716554cac
pages/question_new_get_central_archive_p517.json	exam_list_archive	21625	20	92135f14eb41c0e4ebb2e08e0d1e517803257addce3bbc82637287c4ce59c223
pages/question_new_get_central_archive_p518.json	exam_list_archive	21903	20	84c3069f38c1428046661c24bcf86c7c878537adeb13c16a1acd39b5d160190c
pages/question_new_get_central_archive_p519.json	exam_list_archive	21610	20	0583fc1ca83e76945dd3d9b69f66da47119d09ea598de4c5936183a6eb01a5bf
pages/question_new_get_central_archive_p52.json	exam_list_archive	23370	20	dc542920c0ebc625b0b5c743bc73336e42f4bdeef2b6b1da0816734b0d4e8f5d
pages/question_new_get_central_archive_p520.json	exam_list_archive	22425	20	737c06b56c9ab96a90e833ecc7a126efb7706c6b75e5f5d09efd7cc4e4f74556
pages/question_new_get_central_archive_p521.json	exam_list_archive	19560	20	d8aee77babe73bd1ef0016ff89944a4e966ab95f5d221a350db04aad821509aa
pages/question_new_get_central_archive_p522.json	exam_list_archive	22966	20	1459e21b1bffa13b6cbb37bbdb2102614a3cca143c48269fcfda532d9c00e866
pages/question_new_get_central_archive_p523.json	exam_list_archive	20781	20	ea633b24d896b4b46b2e673af95f5e7c35131015e1b29d46fe1c2467890ee07e
pages/question_new_get_central_archive_p524.json	exam_list_archive	17311	20	7d1ccd3bebc620ba581f1c096892187dcd963f8f0196a2983fa0237a2816555d
pages/question_new_get_central_archive_p525.json	exam_list_archive	22033	20	a56173c9c43d04b8db3d45a5d77fc4101149d2f6568ec046bc5677975ab973bd
pages/question_new_get_central_archive_p526.json	exam_list_archive	20355	20	40d5a5be4d73979410f789e212e94d23083f0ec635f38f8e26840dea5fe465bc
pages/question_new_get_central_archive_p527.json	exam_list_archive	23060	20	98c8bdf3646a1ec14c7378935361a87e782b8b0968bba9b9204d8ac12fd4708e
pages/question_new_get_central_archive_p528.json	exam_list_archive	21174	20	41c71899ac5de77f458f21cbbb5a3ea96a1c0e70bd9b6175306e2e26590ba630
pages/question_new_get_central_archive_p529.json	exam_list_archive	19432	20	da38ae95dba57a8e0ae80f1aba4b9c84a63338d9e500b0d3c3cb0387ee0fc692
pages/question_new_get_central_archive_p53.json	exam_list_archive	29528	20	453b75bd315a214d8ece37258699b3081653e1074de8e3111ae9ef6792f86b50
pages/question_new_get_central_archive_p530.json	exam_list_archive	21924	20	f615396908bf61653a5e840ce6e32469689aec35aea87e32ac2a903b000b3161
pages/question_new_get_central_archive_p531.json	exam_list_archive	20835	20	cb494fe0c97e45508229c19699d5704b85bc9af669e60050c7c4cb817ecb77fc
pages/question_new_get_central_archive_p532.json	exam_list_archive	20996	20	5aa16eae39cb18b3ce686584e5be81d5e8f59a71562d17412e610edec7b31cfa
pages/question_new_get_central_archive_p533.json	exam_list_archive	22973	20	34062c99b6f7579f0bf436154edf49958cc9e5f275e100af9b8c13e2bafe3f94
pages/question_new_get_central_archive_p534.json	exam_list_archive	20667	20	4dfa68e24591b722af9f04db13ec70a59b0e147168d834bc78b31feac7cda162
pages/question_new_get_central_archive_p535.json	exam_list_archive	21444	20	b40538b6f627e9662ad15505169aad59581750a786dbe2dc9c3f00d00364975b
pages/question_new_get_central_archive_p536.json	exam_list_archive	19809	20	a87497e09d76a7616783810fba9813d86d3bfd20d154284c0f76bd797d824fee
pages/question_new_get_central_archive_p537.json	exam_list_archive	21769	20	ec50493d329b221814a03ae2389f50663a0c8de45a5ce43c251c327d83b12862
pages/question_new_get_central_archive_p538.json	exam_list_archive	21192	20	f621899b60f672431d28b999e9b74da924db561b0b1e56fc2628ddf79f0b3865
pages/question_new_get_central_archive_p539.json	exam_list_archive	22310	20	95da809c3775317ded88f8f396bac33d586b572be35d2c267a915a96c2861de3
pages/question_new_get_central_archive_p54.json	exam_list_archive	23867	20	0d983c59861d5dd1ca07dd3e39188c582b8514365b8a68ee248d8261f84c7286
pages/question_new_get_central_archive_p540.json	exam_list_archive	19869	20	4b308cfbfb123150c203206840b3cb8c2580e3ca698d89a9882195446d372cdd
pages/question_new_get_central_archive_p541.json	exam_list_archive	30862	20	d6b57ce84e4d477ed9ab119099d35f20c45c4b32de8bd22a546027f6e2d0b641
pages/question_new_get_central_archive_p542.json	exam_list_archive	20481	20	f5638030e72cbf6f8fea939328abefa256fa5cf13e4b67cbfce88008bc6ddfdd
pages/question_new_get_central_archive_p543.json	exam_list_archive	20655	20	322e136e26c9d7f98c942859f2c0e6de05cd518ca6cf6d30a5f8c22266b52acb
pages/question_new_get_central_archive_p544.json	exam_list_archive	21162	20	559717b95cab0f5272c14e77c1bac83248ce48d2114812f9f203c54739b3a8e3
pages/question_new_get_central_archive_p545.json	exam_list_archive	22103	20	07523abc90e84ae0a4e0f07593de9d829bcf05e3ab5a9dce255f8c0c8c6164bf
pages/question_new_get_central_archive_p546.json	exam_list_archive	20741	20	0691cec0ac89daa95f9089f86832a8748f1fc0e187d5859790b63034ecbe1454
pages/question_new_get_central_archive_p547.json	exam_list_archive	23377	20	4ba44f1f402f8b2e75f46a0c3a1f5fd18ee4b8efb76a562326bfa08c948b0bcd
pages/question_new_get_central_archive_p548.json	exam_list_archive	19772	20	b2b64a9c7362eec73a597a26eaed5ca5bdcc7f42c915127daa65a7a45a10006d
pages/question_new_get_central_archive_p549.json	exam_list_archive	22277	20	0ddcee62aee79fef76b2566f4e358df75b07cf9de7950e1e541f9ccb79d1894c
pages/question_new_get_central_archive_p55.json	exam_list_archive	27724	20	1ad0d4a3bc95ef6b6035aa4cbf5325affa03e8c526f28e626044624dada6ce46
pages/question_new_get_central_archive_p550.json	exam_list_archive	26479	20	0642c37d45c5494489a79a9850a398b33334f6b171be137ce8e93fa2ec64e804
pages/question_new_get_central_archive_p551.json	exam_list_archive	20901	20	c945e80822f82b4b68780ca7cf078c6b23e3293d51bd437d5635e195f3d3edb1
pages/question_new_get_central_archive_p552.json	exam_list_archive	20995	20	96350121aa7f6e885be4ee7817247ce95c83a534250d6ed655da008c339a1986
pages/question_new_get_central_archive_p553.json	exam_list_archive	18810	20	12396f58c44ea3405821686b10965d2695c0c850d20d2655b1e9d77a80a75591
pages/question_new_get_central_archive_p554.json	exam_list_archive	19776	20	a515fbdad888cccc6315c4f3a25fb7d22a0c3581a26d08c5d70bdfb260b032a9
pages/question_new_get_central_archive_p555.json	exam_list_archive	22352	20	212d0bbf093b39bfb46b9a9ab7e2000b360525b5643d501ca18f9fc5a92662e2
pages/question_new_get_central_archive_p556.json	exam_list_archive	26750	20	69c6a2a94eda359c23be8cbd210095dbeb4da6d2d37a51d60b1f47b03b337688
pages/question_new_get_central_archive_p557.json	exam_list_archive	23317	20	cadab8dec4898107867ea03ffb4e17e36233f6c1f91fece216e3985e38ddec1e
pages/question_new_get_central_archive_p558.json	exam_list_archive	21518	20	3968c2e678f920272c85adf07d510bb8309e32edb4dce570763ba232d44c4fbb
pages/question_new_get_central_archive_p559.json	exam_list_archive	25299	20	aab86c405fd9dda46543bf10547e5f04d02de76d272bffade6eb2a01169839da
pages/question_new_get_central_archive_p56.json	exam_list_archive	21859	20	b3faf745c332824d225d8bf15597bff535fcd787731d17905ef9d721250aff42
pages/question_new_get_central_archive_p560.json	exam_list_archive	22806	20	19ecc570c73aca9af0d3164bec7dcfc86c9b14aa89232a4c2d64803dac6d4268
pages/question_new_get_central_archive_p561.json	exam_list_archive	24443	20	3f0015e0ffd51f2bc603d7dd921933c67233649178d861eea2b460be4f7e6d63
pages/question_new_get_central_archive_p562.json	exam_list_archive	27193	20	d47762addafc5cd8ab630a52235698800a18edb4063c90dc16554e80ecaa11e9
pages/question_new_get_central_archive_p563.json	exam_list_archive	22060	20	01c83b427ef5b56f7b91e13c399acb52e99988b2900de1069d78d436440cd749
pages/question_new_get_central_archive_p564.json	exam_list_archive	30977	20	ac4e606cf136f534baf8276964f27d0b7225d99b12296b71ab85e772728bfa67
pages/question_new_get_central_archive_p565.json	exam_list_archive	27861	20	68d46ccc63054ad68cb142e74e87292f188963a47e5db9ebd03c5cf6677b56a6
pages/question_new_get_central_archive_p566.json	exam_list_archive	23824	20	c857008979277b2e3a8b39f3b39d62a18d6fee4eaf14f5c3449bfdf6a14aa4df
pages/question_new_get_central_archive_p567.json	exam_list_archive	21805	20	cae94983262d8941cd449d0c47bf47e15f62e2476b1cde4e382ccbcba1b34020
pages/question_new_get_central_archive_p568.json	exam_list_archive	22686	20	09c696c098c9647d30f79a0d05fd3dc1af8f1ad9de9d7e1306b8352a85ee6eb6
pages/question_new_get_central_archive_p569.json	exam_list_archive	22279	20	ee141d0536eaae08aff16666950c7adbd993b14150124548965e091bd98eae16
pages/question_new_get_central_archive_p57.json	exam_list_archive	24789	20	b9b5907419a2558cbd4049dbd296d5ee9fe0480d19fec82192c0084341a81837
pages/question_new_get_central_archive_p570.json	exam_list_archive	27122	20	095f40376e87049acb8c318397224dd5d8a608cbe1a1774245a01316078fe970
pages/question_new_get_central_archive_p571.json	exam_list_archive	24198	20	7650b6050d0997afb9e09f35c5bc3504deb012fb8902aa059c3c5901d1adb4ea
pages/question_new_get_central_archive_p572.json	exam_list_archive	24535	20	4277df38fe987a40b5e629a26318cc10c1ef705e513cf6fb6af2f9de8577591a
pages/question_new_get_central_archive_p573.json	exam_list_archive	27609	20	63d09123a554a18aae86a75d48d87fd5258b850054f2e3685d2c582dc1b9da29
pages/question_new_get_central_archive_p574.json	exam_list_archive	22309	20	72417b433e3a289a662859d7e183720df105c6047d3405dba88393d26caf0a3b
pages/question_new_get_central_archive_p575.json	exam_list_archive	28459	20	cb183a6221188d69b66d02bbee5feac80579b189490111691eba4cd4159c9857
pages/question_new_get_central_archive_p576.json	exam_list_archive	35285	20	c24da63f976fe0d36c4418a7196534bcac53e5d2852f757bb4e4bbef36a33005
pages/question_new_get_central_archive_p577.json	exam_list_archive	25714	20	01d98874490a4712f4d532c922958f6b4d4e3e397a58af66f1b610c5aec54a2c
pages/question_new_get_central_archive_p578.json	exam_list_archive	26060	20	a6e69bff54bb00d81e2dcb497a668e085fb35e7a30b4ade3ea926602c29abd07
pages/question_new_get_central_archive_p579.json	exam_list_archive	26983	20	dc484319de49ede80fe304507d0891bdebdc3f32c76a683a99b9eed937902f00
pages/question_new_get_central_archive_p58.json	exam_list_archive	23235	20	561c95c9b1d95b565998c6095110464acc2a99213e82d62447649cde255c5925
pages/question_new_get_central_archive_p580.json	exam_list_archive	31443	20	de10f6f9b0e17242e1ff7389b6ec6d11dd649b7494c52940302951d335d74bfb
pages/question_new_get_central_archive_p581.json	exam_list_archive	28225	20	0918c93f2c3770a567e94ff53a7b159f55dd69a6eadab6a03a72b3a3e21045e4
pages/question_new_get_central_archive_p582.json	exam_list_archive	24399	20	e1af4c7f0ec1154ffac254dd0b703a18465f03bd1608b2a130a6855d39afe66f
pages/question_new_get_central_archive_p583.json	exam_list_archive	26772	20	2f1bc4c57c685a6334405f67abb1bd56a4c53ddb95007b6b2fe8e4aa80766e90
pages/question_new_get_central_archive_p584.json	exam_list_archive	28998	20	680bb292a1448ffda890186d321ae964d5420d177b852b109c64217def0ca128
pages/question_new_get_central_archive_p585.json	exam_list_archive	28624	20	d3a99f27ac755aeba15f951d031cbcb0a4675f19c553ab601f842ee71c511c16
pages/question_new_get_central_archive_p586.json	exam_list_archive	20001	20	9cbc6385fd2ca8790c2fa5c745c4efe8621c2b2ac8b578fcbcb1e8a48c52f03b
pages/question_new_get_central_archive_p587.json	exam_list_archive	15223	20	04a05097aa88e53dc4d9d4fc47e722c25a9d9511449edff1cd3bad972bcbab28
pages/question_new_get_central_archive_p588.json	exam_list_archive	31829	20	48905b1f00135a4f639c87e27f737f73a43b9a77aaccc7aa38abc3a9e7174185
pages/question_new_get_central_archive_p589.json	exam_list_archive	28640	20	a895763e44c50ea64e9e279d49a6b5bb6252cf558dd8436da1f3c19e6f6ca1b6
pages/question_new_get_central_archive_p59.json	exam_list_archive	24694	20	edae99549f2b0e1567a9d7ac8f55010e07fc35249bfbd797bdb93c739e592f32
pages/question_new_get_central_archive_p590.json	exam_list_archive	26133	20	8f29855d59989b0ff71773f7f43fa88002a664e5e86a3f8b7af961e2b13fed3d
pages/question_new_get_central_archive_p591.json	exam_list_archive	24450	20	76b65b735534e75f2ac82c710428bc3e7d52dd2bdea94251256bd5aa5c4ac161
pages/question_new_get_central_archive_p592.json	exam_list_archive	29441	20	eb9b5718896a079e24d90786b944cee2ad3db47ed38910bd5528f65c1966c711
pages/question_new_get_central_archive_p593.json	exam_list_archive	23452	20	2398d36aaa12e85bda0aeaf9ede534790611be226bc5b782a9702c9bf5abe552
pages/question_new_get_central_archive_p594.json	exam_list_archive	21911	20	e5fd85c2eff97ff7fdcf5e67cb8d4e411cfffb888ff9becdbfa8069bd7640108
pages/question_new_get_central_archive_p595.json	exam_list_archive	22553	20	25dcc97a9c0d401cc8855c838403156e77d76d803044a1f315a07747d49c090c
pages/question_new_get_central_archive_p596.json	exam_list_archive	23371	20	5d59efc56925795ae3ff800b486da4da8f9f148c1902e8d0906e5c9e8df854c2
pages/question_new_get_central_archive_p597.json	exam_list_archive	20977	20	a7534ed2c78ed9977d9829bc0d3e07f6fb795d7a8554a40e1492905d878f05de
pages/question_new_get_central_archive_p598.json	exam_list_archive	20818	20	e7733fcdfc00416faef313075c58fdd9aa83a6428301dc2e32723d61bef1fbbc
pages/question_new_get_central_archive_p599.json	exam_list_archive	17739	20	3300c03a4efa6fdfaea9be745a76a6baaa114a27561923e5c557c0e2a5e6d3cb
pages/question_new_get_central_archive_p6.json	exam_list_archive	27384	20	c9a265023c3062ba8431ac4d134b777e78e3e1d9fd989547e266642d16452d23
pages/question_new_get_central_archive_p60.json	exam_list_archive	22076	20	d9f1dc1a2bf202ee0977312dcd2d8ce1dd3e0a90392500cdc08529796054b871
pages/question_new_get_central_archive_p600.json	exam_list_archive	23316	20	c32923f5663caa22c26131ad8bdd4419e3bd2cdb5d87d187d6f1951a85e3f916
pages/question_new_get_central_archive_p601.json	exam_list_archive	17710	20	564778e1671978d98a4a86d9876f53a8f9aa803d2c965d20133236db5ae6943d
pages/question_new_get_central_archive_p602.json	exam_list_archive	16463	20	abb595d32a693f02c4246d15c0b66619c3696ddb34be14cad3199a9d23640895
pages/question_new_get_central_archive_p603.json	exam_list_archive	16077	20	577927f9c3e2b862edf6f2cf9d7d260c0263c8e1268c2a228630fba1431f68aa
pages/question_new_get_central_archive_p604.json	exam_list_archive	18762	20	26881404b97fca926306bc1218a9ef0366d91815f8ba1937639b86a956f51413
pages/question_new_get_central_archive_p605.json	exam_list_archive	17575	20	33c78c46393135eeffbb6e69d85bceabcc6430d8c1d20d18285328fed4c703f9
pages/question_new_get_central_archive_p606.json	exam_list_archive	19825	20	ae9756073ad21f4021e72130e159971ce26116ec3d04dc6ed936b55dfe9bd0a4
pages/question_new_get_central_archive_p607.json	exam_list_archive	18753	20	dff67740e4995da2fefccb7eeedb0c31f7838f3998ab389ae5967f28d2aa859d
pages/question_new_get_central_archive_p608.json	exam_list_archive	15803	20	243e34d40bfb995c308cec1e5ebdb77a18565424fc33731b22aab6669de3552d
pages/question_new_get_central_archive_p609.json	exam_list_archive	20805	20	208a1080dd9cccb8e128a6ec5b335cac5a6b0b1de528e5ff8cb3af7283e0b516
pages/question_new_get_central_archive_p61.json	exam_list_archive	24705	20	2ac58dbbca3bde7c81def8fcee47c86d4e17ba09360112e70e883348b5650866
pages/question_new_get_central_archive_p610.json	exam_list_archive	16178	20	8ea1db7558e729224fac71db23a97d39d51200e59979d503355cdab024b6f0ff
pages/question_new_get_central_archive_p611.json	exam_list_archive	18803	20	40412f25f21b457b9c791d42df8d05194b394dcb9a4b887ea1ad28aa9b0734db
pages/question_new_get_central_archive_p612.json	exam_list_archive	17983	20	313afc67628204f4cde43d1fc6b6fadee816eaf056d88ce815efdb71663ac640
pages/question_new_get_central_archive_p613.json	exam_list_archive	19904	20	c23321b6d37f2458f63a502c59badce5d5698d19c2a6172c746b6f935542ffd3
pages/question_new_get_central_archive_p614.json	exam_list_archive	18006	20	96b6e784ceeda436969e3ed32ea256816b77065e5035e1eafb5bcafa45fff28e
pages/question_new_get_central_archive_p615.json	exam_list_archive	16751	20	e548c4e4443aa4c0b2e9cd3ee68eea6418652ac8d64cacfc63521841e46c6583
pages/question_new_get_central_archive_p616.json	exam_list_archive	19149	20	430bad3551b5172c7e9247283dd2386936a72b0744a7f4bd5d855b07ed6b6824
pages/question_new_get_central_archive_p617.json	exam_list_archive	19698	20	7b73d2d9c22a6e75a1a39430266e4de1bb82b5b1a31362544cef04bf2849bf47
pages/question_new_get_central_archive_p618.json	exam_list_archive	18328	20	e33b04d5b58d6092cfbf3b23318596064b319be42913182959336c7062f116da
pages/question_new_get_central_archive_p619.json	exam_list_archive	17316	20	79fa7e770253c74c641dd3fbfc538e21372f29d9fce1af3d2c103c6a45dabb58
pages/question_new_get_central_archive_p62.json	exam_list_archive	28319	20	079b34f6ddb432465760935ed491bdac8cb5fd6e6b7bae15e82c3559cf58ff52
pages/question_new_get_central_archive_p620.json	exam_list_archive	24089	20	943f46d3127fffbac6dcc02a42a52a7d85be16bf80debaa07693d6588d1f37e4
pages/question_new_get_central_archive_p621.json	exam_list_archive	20988	20	b01b08f9c0a5831992ed18b206b9e396abc9e36dd3a6ea60ede57ab430dbeaad
pages/question_new_get_central_archive_p622.json	exam_list_archive	20411	20	f678a27c1486871026486afef6bbb13cd66659280dc79b7647267038a725557b
pages/question_new_get_central_archive_p623.json	exam_list_archive	22201	20	921f9048ec6133cd2449d223d8475c6b844d2f89cead70a4a64a22278881d810
pages/question_new_get_central_archive_p624.json	exam_list_archive	22246	20	1853846f5bf2664b85d1019cedaf026bd8b539a967867446632abd15927b8a5c
pages/question_new_get_central_archive_p625.json	exam_list_archive	22810	20	8c172c59e8e139e895b9b0c9c8972ca66d8615e8f6b64d5cff7b62c7c76a1ab4
pages/question_new_get_central_archive_p626.json	exam_list_archive	20997	20	7cdb663d3d0575808bccfba2b23afdbc78fadb8da42c818211b9e7d1015d6d57
pages/question_new_get_central_archive_p627.json	exam_list_archive	24733	20	e5b7ab8e26d8a5e8fc14f8c64ee7d2476e73d3a483a6f4b9179839f532bfc80a
pages/question_new_get_central_archive_p628.json	exam_list_archive	22562	20	2efd84dbcf54beb8591845c59bded4f18b6d7f5765878872083fa02c8e58bd1b
pages/question_new_get_central_archive_p629.json	exam_list_archive	19498	20	2e27822937dd82eb82303338ed507283bede53574fad68927f8fb090e4825695
pages/question_new_get_central_archive_p63.json	exam_list_archive	23637	20	4c7dd9d2528b73431014b920f162d264a609e7e5a794c9833f3ded1c9c13813f
pages/question_new_get_central_archive_p630.json	exam_list_archive	20526	20	51816e4cb55be27ec9121961e1dc08ccceed5093500c9136111c045978f26476
pages/question_new_get_central_archive_p631.json	exam_list_archive	17123	20	c6be1d7e7ca91e06043a237dd919109dd5dfb902aca3552e5363fcc47092970b
pages/question_new_get_central_archive_p632.json	exam_list_archive	20241	20	866039bdc94e15efd91f0c008f2b779ffe38c29fa801c8038b4886b01b160fa4
pages/question_new_get_central_archive_p633.json	exam_list_archive	17289	20	ed9991b18c940a179c3f9ec7085cc0d500ad8b069701b5f4aa910cc93d0c47de
pages/question_new_get_central_archive_p634.json	exam_list_archive	18854	20	e08886934877ecd60d4c4fdda6e644c83ec845f899cb305ab33a38d0b07db674
pages/question_new_get_central_archive_p635.json	exam_list_archive	19087	20	1e926337c002a53cc545c79be42ab755c93369b747edd1eddbf7f5ce687a024c
pages/question_new_get_central_archive_p636.json	exam_list_archive	17400	20	c4b678749c35328ec29963405844d69e6a783071a7babf77ff99074f28bbee2c
pages/question_new_get_central_archive_p637.json	exam_list_archive	18902	20	2907bfa14a6f7ecf867f2412bc47cabc3f14e30c5208cb464b8b2e8a02e457cb
pages/question_new_get_central_archive_p638.json	exam_list_archive	20834	20	19bf57a39fefaced710f3bf0b89cec9336943a4483fbb8a944a568f7cf4fb046
pages/question_new_get_central_archive_p639.json	exam_list_archive	18920	20	dcbf3c8694fe6bced5f1592c14837650dce12812f9ed3c69d6fa4c819a46b52b
pages/question_new_get_central_archive_p64.json	exam_list_archive	21215	20	aa803aae32bf8617ba93603fd098f0b28be7b3d366d82ae469a8128605382454
pages/question_new_get_central_archive_p640.json	exam_list_archive	17973	20	c412937045bdeaa8c8655e600cff8d84c77470acbc79f681d075af884c125c77
pages/question_new_get_central_archive_p641.json	exam_list_archive	21411	20	102a18e317e6a4348a82e5ce213571eed593851e69599a497282060cbc5c0b58
pages/question_new_get_central_archive_p642.json	exam_list_archive	21138	20	41d7f3f1249dea297338ae9a48403c855175981cae91c9477d765261abf7f424
pages/question_new_get_central_archive_p643.json	exam_list_archive	17683	20	2eb9543c6cc1671df2d397a97f486c73af29d265869800072850394d5f4365b7
pages/question_new_get_central_archive_p644.json	exam_list_archive	19769	20	0d1531074fcd06484cc50c96474e118d902fc905f0c21bc699722b40fcbcbe12
pages/question_new_get_central_archive_p645.json	exam_list_archive	23335	20	60d849f72e0cdf37358cd50853ea4b7b84b9ec78db0e5f1a0ba44780a8d9fd9e
pages/question_new_get_central_archive_p646.json	exam_list_archive	19821	20	8bb5ece110a0d76d821e01b9373f3a30e9820f8ed1f36163b594f8a73e58e825
pages/question_new_get_central_archive_p647.json	exam_list_archive	21317	20	6169085ba7d446ad485f97fd24214a89722b6944f1a5820cd2d5b1a5e449cbcb
pages/question_new_get_central_archive_p648.json	exam_list_archive	18128	20	56affc38ca5449049360b0b1f264541cd08e30cff9fae8bc30a72e538b0ae684
pages/question_new_get_central_archive_p649.json	exam_list_archive	27120	20	7cf6c87600de3e442ea35bc06fdaac6b9c2ac85a29f2db1b14c0bf2467e1c55b
pages/question_new_get_central_archive_p65.json	exam_list_archive	24907	20	13561d0076f8563b8b4ac3ee6a3de5592f6a6195b1a8a9f3dc8384cab7643db5
pages/question_new_get_central_archive_p650.json	exam_list_archive	23606	20	58e188a863219b027548dba3e619cbb5dde52b5ba4c12a94d27a59b8bd2c11d4
pages/question_new_get_central_archive_p651.json	exam_list_archive	20467	20	556bd747f355313cde954718461ed0c19e44b35c30c5aa7fc9eec0efc7deceed
pages/question_new_get_central_archive_p652.json	exam_list_archive	25265	20	51cbe6d457c5a09d2c510b0c280ab5c56a7f7c46540fc99947ef89ff0cd872db
pages/question_new_get_central_archive_p653.json	exam_list_archive	20068	20	d53a63cf4cc288ba5d0434ed77f3d7f792e935f2004d54cb2d9429895860ef5b
pages/question_new_get_central_archive_p654.json	exam_list_archive	16181	20	302ebb9604de971ccadf7b46ff1b27b135cb29dc012b5b28304e5d67423e3f27
pages/question_new_get_central_archive_p655.json	exam_list_archive	18683	20	afda15d95d0c3ad8f4c08ba2b19bdbb64df13e1f922a5505f34e3b3b429430bb
pages/question_new_get_central_archive_p656.json	exam_list_archive	17985	20	142a91ef6b1b5a6245f0bee08cc42e4d2fcebc7f791662ba14bf9af8f2ea40ad
pages/question_new_get_central_archive_p657.json	exam_list_archive	19199	20	f0d607bfe1f1d261474b60a509341758816dc8ed748c2d49b59323ac0bd2d3ae
pages/question_new_get_central_archive_p658.json	exam_list_archive	18381	20	54c8dc3de0c009a111899c062ea75ef43a4f194c2f12cdfd7e1c6670cbfe0971
pages/question_new_get_central_archive_p659.json	exam_list_archive	17496	20	cfd5db966974ac6d6fa656a038e94c0047906751d63f8609d7570505a6b0c7c7
pages/question_new_get_central_archive_p66.json	exam_list_archive	28236	20	85cc7560c529530f4da818df8e2fbb91e979e35416b9d6edd623c510e6a4258a
pages/question_new_get_central_archive_p660.json	exam_list_archive	18625	20	a8296d3e1acc6c16ead2d0598c61b82396fd41913d3236f1dc6866763acea962
pages/question_new_get_central_archive_p661.json	exam_list_archive	22416	20	b6ad3fdc03174919ba9bb229373c736df701d8a7434d68b1c2610cadc4af82d0
pages/question_new_get_central_archive_p662.json	exam_list_archive	19211	20	38f3f34a11fb34adc005d13ab4829e20ca724f4d9bbc148a5855f9da9da1d128
pages/question_new_get_central_archive_p663.json	exam_list_archive	16987	20	db6e5fee9d03e96f64416160bcf650566a7a798b06fc0c69c31b7eb0d4993eb6
pages/question_new_get_central_archive_p664.json	exam_list_archive	16590	20	2f023b076cd7fd3762d272227f86a38466e53eca96eef7b6988360b312e08813
pages/question_new_get_central_archive_p665.json	exam_list_archive	20693	20	9a282a00a61f1cdae8e8b3fd85a59e595496765e3189b3c313bf862b441d5727
pages/question_new_get_central_archive_p666.json	exam_list_archive	18773	20	cafc81f589e6eeaf5a2cfefcd99c179e473f9cd89ec5c73aceb3f8126f13eb1e
pages/question_new_get_central_archive_p667.json	exam_list_archive	18408	20	5de8674646e6507c497fee404de6809bb7eded886d76e23c7199b0747baaf004
pages/question_new_get_central_archive_p668.json	exam_list_archive	16534	20	e7b373068c53a1e0fecbe911c05baa27d30db8c66356083527a68af862d05f7b
pages/question_new_get_central_archive_p669.json	exam_list_archive	15981	20	27c5423c8247a2ae511ae3d3d347e626cee9115342b26812048d6df60965f311
pages/question_new_get_central_archive_p67.json	exam_list_archive	23295	20	46e76e81c391b6b35ab8997a8584fbc8501fd27ea239323f2df53c3f1ac93a4e
pages/question_new_get_central_archive_p670.json	exam_list_archive	16487	20	8edadb46d7704a00a04d96af084871ade24dde20583cdddb3a306b8b742e690f
pages/question_new_get_central_archive_p671.json	exam_list_archive	20161	20	fc2b3899b2baa1fd18ffe7d2f2a717087862cf57f5660778535a231fa39dc983
pages/question_new_get_central_archive_p672.json	exam_list_archive	16896	20	3a457bbf491415b5d882e4e96a4603bc491bc2f51a52370f15e397c512c7854a
pages/question_new_get_central_archive_p673.json	exam_list_archive	17988	20	ff4d7aec7635a7f10c1268a34ca103170fa9c16c8943776186dd62fffb948a07
pages/question_new_get_central_archive_p674.json	exam_list_archive	21175	20	44bd4d2bb0d6262f113c8e6e3449535f093785a6f82993c50f7f8f3ffd910ead
pages/question_new_get_central_archive_p675.json	exam_list_archive	19901	20	223bfaad50f845cc6e047767a830772bfe1d3538bee99b805e293d3fc9252146
pages/question_new_get_central_archive_p676.json	exam_list_archive	22109	20	e40fc12129bf1ba47a3538641afe0ce2f84cc92c60f1765a72b3e6e1d7e83163
pages/question_new_get_central_archive_p677.json	exam_list_archive	24410	20	4c3bf7d7f98df48231fd5854b21d38631d0df727b22682bb8fe93aa9d4f09e65
pages/question_new_get_central_archive_p678.json	exam_list_archive	19168	20	56d956dd2c8084fa056b40110ce7861e2cace6221a713b506e949220c8a3a863
pages/question_new_get_central_archive_p679.json	exam_list_archive	19989	20	f44c1834cfeb8a7c188e95c2068167576d725a705a4bccbdbec16991ca310322
pages/question_new_get_central_archive_p68.json	exam_list_archive	29196	20	0d777d79e219fed0e9d760948bffba45b86abc58245c7ab789852b013765b69d
pages/question_new_get_central_archive_p680.json	exam_list_archive	21978	20	b10dd9d3bc6fcf99a3e8a552c78f20a1819062f98769674e6de2b5623b6b31a6
pages/question_new_get_central_archive_p681.json	exam_list_archive	17265	20	8594114e9ed6997799094202737489b091f4f4c02a4602ec2ac190952f730c2f
pages/question_new_get_central_archive_p682.json	exam_list_archive	20820	20	23f49bba5ebbe3ab20ccbf6301797eac3380be696a5ddd7f03a26245262e5278
pages/question_new_get_central_archive_p683.json	exam_list_archive	25572	20	6edc793389dd553d53fb3dc97862d7eaad1d24b4b4b57e053e94316707032373
pages/question_new_get_central_archive_p684.json	exam_list_archive	26725	20	c75e91b29c608cda1cfa50dce52750013b05a43b26eeb5c4f813aae8c2137714
pages/question_new_get_central_archive_p685.json	exam_list_archive	21002	20	f97f885ec2199d8b1f03f9cdc39af1f7a0822140354a54e9e6e0bb6bedfbe801
pages/question_new_get_central_archive_p686.json	exam_list_archive	21384	20	7012194224d1a6eabcfbf858f2756391449982c0e9d15c388eb2c2e4d00cc3d5
pages/question_new_get_central_archive_p687.json	exam_list_archive	21632	20	810ffb27f55bd76a56a1741463b4f588d016f5666a85dae8e199afabbd12c6e8
pages/question_new_get_central_archive_p688.json	exam_list_archive	23106	20	4755c36763300a98d28337459529e98d3698545fc6c4eb08fc373c1b02a28712
pages/question_new_get_central_archive_p689.json	exam_list_archive	27411	20	4799b95966c731428143d416aced66bdc34d18b43252d600740115da3a936cbb
pages/question_new_get_central_archive_p69.json	exam_list_archive	28077	20	2c2649bab315d00d2d14ab0c28f226de4db3a05543e74ed79e5913d86be1fa87
pages/question_new_get_central_archive_p690.json	exam_list_archive	21256	20	da079af5e5d8a7485a5b21d5181d798c1e01b25e488cfdf5a349903715abef4b
pages/question_new_get_central_archive_p691.json	exam_list_archive	22642	20	70a2418c22ab2fde2497488c81e1fe60fba01bafe65e5380850dc8ba237892b9
pages/question_new_get_central_archive_p692.json	exam_list_archive	23308	20	caa74e8b81e51eb171252e1b7d2f10f4992279fd32154c87118594a565acefef
pages/question_new_get_central_archive_p693.json	exam_list_archive	22079	20	7872660db2bb752d53aae1affb8a3d0396c25666feae8acfb94b5a334b9b6263
pages/question_new_get_central_archive_p694.json	exam_list_archive	22424	20	d549b78d890ebf49820d3766f3e4f5f5a9a271428a7e60ddee3450a5d88fab39
pages/question_new_get_central_archive_p695.json	exam_list_archive	23322	20	1117f2b0bf3d69c77167d37cc25702938f01724475adedb950e8c9ca28d518e1
pages/question_new_get_central_archive_p696.json	exam_list_archive	24585	20	3595f84b75101d75dd8005cbfb730519456f8b2f4762e681ca312b455c050761
pages/question_new_get_central_archive_p697.json	exam_list_archive	18314	20	48ae630502610e5d542bfe6474e1fdb9b764a072bb8ff698049e1a03486ab796
pages/question_new_get_central_archive_p698.json	exam_list_archive	21963	20	60beb6ded607543f6199a2355c0c89fd2a2086edede6d1d90328dc1e59998d08
pages/question_new_get_central_archive_p699.json	exam_list_archive	20572	20	2526ebf277e5c2cf4da7d6f7ddd9f5b32c8dfbb7bbb51339d3ecba337f2e1e44
pages/question_new_get_central_archive_p7.json	exam_list_archive	26911	20	0ea3a41eaee62af1176d130d7615debadc5c9d6a1d20c03cc30cfafdbacd47bc
pages/question_new_get_central_archive_p70.json	exam_list_archive	25199	20	c2839bf1271830cc1918f99daf87d4cf7c19543ef51a379aee31a844ac7f5df3
pages/question_new_get_central_archive_p700.json	exam_list_archive	23463	20	19240eb27b1a0cf7ce55dc81b864747c7f922ebf2d3089be97e2c3ce167c4f49
pages/question_new_get_central_archive_p701.json	exam_list_archive	21865	20	3d795d6c77cf4710b02a96dccf2e8049c67a30523e5d515315088b8ab65d5ea3
pages/question_new_get_central_archive_p702.json	exam_list_archive	21126	20	642632a33a58a84b7fcf4aadeedbf074b74bab7914407c78cf18df845e26c950
pages/question_new_get_central_archive_p703.json	exam_list_archive	23303	20	5a07462d79a1b5bd989be69065705728ac53ce48202db3bac42adfacdbc6d5f1
pages/question_new_get_central_archive_p704.json	exam_list_archive	23854	20	fc0342cfab62b173f3dd479675446bc9c19618d1c3ac9edf8a7eaef6d519eb02
pages/question_new_get_central_archive_p705.json	exam_list_archive	17264	20	9251c630c6c5510be10825e339896d570a3458d928e8eecbf33fd0cc2969ce77
pages/question_new_get_central_archive_p706.json	exam_list_archive	18908	20	811fe6c9e7a6a37993fd61559ed74be9844623d87aea3b134dfc84c5bcd8a8a5
pages/question_new_get_central_archive_p707.json	exam_list_archive	25540	20	afc2a9c09bbb36736e8a75acb4e0a79e3f452855313d6fd6700ce8cc299a9685
pages/question_new_get_central_archive_p708.json	exam_list_archive	19631	20	e000075dc30ba487d86be16a2f60481254405722aeedbddee19ec784acdd3aa9
pages/question_new_get_central_archive_p709.json	exam_list_archive	21113	20	568bcf3f6e982b57136bb52b6b3f11a35197aba82bd6cf2d704771b59710bff3
pages/question_new_get_central_archive_p71.json	exam_list_archive	25985	20	710e269ba0f970fe32c84376d5cb236b24571dd9bb9884016782e94dc9418688
pages/question_new_get_central_archive_p710.json	exam_list_archive	23381	20	2125dde371b5371faa22cca817cc0e77da153f4819d328d5c5cc52bbb80f0f07
pages/question_new_get_central_archive_p711.json	exam_list_archive	19847	20	e55ced797709ff12ddea87154ac76dbfd6b1d2452da6119a0bdae7bec6fd5573
pages/question_new_get_central_archive_p712.json	exam_list_archive	19623	20	dd2991a9aae01f58f1e8316240690eda846b52d3222c8ba0727ec04a1803c54d
pages/question_new_get_central_archive_p713.json	exam_list_archive	20767	20	bbbd1c9eb8e5b491f71216f4cdc8e568cda621db25345fc5df33783305000524
pages/question_new_get_central_archive_p714.json	exam_list_archive	14522	20	88c4abc4ed483c6c184fcaa8643212703593c1cc6a2852388400f080cb4bfd3c
pages/question_new_get_central_archive_p715.json	exam_list_archive	17956	20	67beaf46c42319f5b56ae777729b3ebdb77aaaf954af099397783d812b6c24e4
pages/question_new_get_central_archive_p716.json	exam_list_archive	18350	20	997f378886c85c3738ea3734dc87dd4dba43028017808fbab99f16e1a33dfa7d
pages/question_new_get_central_archive_p717.json	exam_list_archive	19750	20	33bda151a795654e6d867cffef084ef70ef598810f2925bb4a3eb030340d0f1a
pages/question_new_get_central_archive_p718.json	exam_list_archive	16177	20	15a2668a201b6a3c6765c751f785df1e80b9111bde134af35fa46c0f50f0666e
pages/question_new_get_central_archive_p719.json	exam_list_archive	15877	20	190c4792db97dea56e81b0e45e3dc5829c01311170beb9e37b29015a6848c886
pages/question_new_get_central_archive_p72.json	exam_list_archive	26175	20	7094d36da15f73c94c8c5294c7c82666be4716fc0b6d897fe88b883575a8c863
pages/question_new_get_central_archive_p720.json	exam_list_archive	23023	20	0caee765c942c5aca720c41e443bde557960dc49452ac5f4f522a6579aa7b9fd
pages/question_new_get_central_archive_p721.json	exam_list_archive	15753	20	eb883d7592e1d476fc14d268b79630135b7c6c83b106a4ce65aee4357eac9785
pages/question_new_get_central_archive_p722.json	exam_list_archive	15408	20	09f15989adfc3eebb1fe66ee0a8dcbd6fa581c9275dd9e53d308434795dadf0c
pages/question_new_get_central_archive_p723.json	exam_list_archive	16478	20	5d20339bb734b13adc69c56e9390e681bbce7e6e9de3bbfab0e2a497496adda2
pages/question_new_get_central_archive_p724.json	exam_list_archive	18405	20	385232809647b1869a4ddb65116d8d25a4846adbe98274906e93ff3941e46531
pages/question_new_get_central_archive_p725.json	exam_list_archive	14556	20	cf75f6e862082aa728473db642c0ef5d9609e7f3dfb464a6d124295a73ceb80b
pages/question_new_get_central_archive_p726.json	exam_list_archive	12832	20	382f21dd2b2cc3fb52e2254c637616c19985dd1c18a26065450a8219995302a4
pages/question_new_get_central_archive_p727.json	exam_list_archive	13638	20	92569c4c37580d3d224db13099e7270fb0c13505ed8b17a9b4ecbd6062a9b4f1
pages/question_new_get_central_archive_p728.json	exam_list_archive	13683	20	bd4c56941dff075525f86f63927943fb9f1ae606cfb90398eee0bf95d50e764b
pages/question_new_get_central_archive_p729.json	exam_list_archive	15572	20	129429629c3a84c582d582a058ff833612f5e420135f215d2377cff4fa7c0013
pages/question_new_get_central_archive_p73.json	exam_list_archive	24061	20	3dcae124179573b28eae3252588a24d313c2b7d1deac58a36dd48b3f975ec105
pages/question_new_get_central_archive_p730.json	exam_list_archive	15357	20	21d9b1cfbab60362080f36b7f67450dcf11e9d0b7b9acd90f45cb6549e18547c
pages/question_new_get_central_archive_p731.json	exam_list_archive	20026	20	ec651808dba874a113a98a3e0943e9012fb8acfd4a257281de55e1f890d81f04
pages/question_new_get_central_archive_p732.json	exam_list_archive	15970	20	bca15d7a31a14aefc818a118a7a2406a1ad719a0be831318319fa7f008dc7d63
pages/question_new_get_central_archive_p733.json	exam_list_archive	15543	20	1afcac649b20f93ac75fb424cb4614ee2248851147c29f2be1cb8a0aac184fb3
pages/question_new_get_central_archive_p734.json	exam_list_archive	17372	20	91a5399e72dfcfe49487ef4aef61accf769eb5bfc22b7325bd032c4a43c46320
pages/question_new_get_central_archive_p735.json	exam_list_archive	19869	20	0e130e5492c934eb9fac4630c721e1dbad592bad61d400d068f3da13c44f7c9f
pages/question_new_get_central_archive_p736.json	exam_list_archive	15406	20	39fdf7919c5cf4c49ed02f64c8db07d63c56a484e31075f6d2005d27f50c2868
pages/question_new_get_central_archive_p737.json	exam_list_archive	16621	20	4e9b8cd42222e9ebadaac055164be50390510f9b6e5162ed8d3a978ef47899f4
pages/question_new_get_central_archive_p738.json	exam_list_archive	16206	20	b1716dc4cd9931b6b8c5c3522cb4e53d56fb28f25257a4010aa857812e28c20d
pages/question_new_get_central_archive_p739.json	exam_list_archive	14113	20	7c2bf6b4ebf7d9471d907ac205f190a5d32505f189d582c27eb8f97f1eb36700
pages/question_new_get_central_archive_p74.json	exam_list_archive	23373	20	3513e7681303205e8129402789bf348f337108415563f300d3218d7cfd3726ed
pages/question_new_get_central_archive_p740.json	exam_list_archive	15174	20	2bb9348507523eafbfca484ac2c700e1a7f5221d91789f9022b54e3f81d680bd
pages/question_new_get_central_archive_p741.json	exam_list_archive	14691	20	a65ddef2139ac44995b1797d74b43e6a024f26e2dbbf9b46107c85550fe8856e
pages/question_new_get_central_archive_p742.json	exam_list_archive	13770	20	b60f5e770a9ed59fcc32001018ab0cbf13d62aec4d3247494593b390781b26c3
pages/question_new_get_central_archive_p743.json	exam_list_archive	14269	20	8e1ed6c2971476d0a04bc6a430c2f2fd6094015b110956434d25f979349ccded
pages/question_new_get_central_archive_p744.json	exam_list_archive	17460	20	6d657ec8e8d9a498b1aaf32091b6ef4ab29ebe8d130597bf58fabbb84ae76bc1
pages/question_new_get_central_archive_p745.json	exam_list_archive	14267	20	422ba220fc6b3154cce6d21fa560fbf3d6ca354de7bc094a8dc7d22e2594b529
pages/question_new_get_central_archive_p746.json	exam_list_archive	25843	20	a55ebb429902ca4976bd2ee2ffbe29f8ba37e80a623a88a2543495b247ad5d0e
pages/question_new_get_central_archive_p747.json	exam_list_archive	28781	20	887579e5f4a975bba4e2f5266525dd5ff896027b70cda427efe7ed9b0308566a
pages/question_new_get_central_archive_p748.json	exam_list_archive	15113	20	bf050efa421c2112efdc5feb592867354fa94c72ddcf171453fca2d6a13a3eda
pages/question_new_get_central_archive_p749.json	exam_list_archive	14458	20	5e14fda65a7de951c9c2be31f3df49854421c28d0c3e5854f5c4833c58f70843
pages/question_new_get_central_archive_p75.json	exam_list_archive	24737	20	347eb1bc30c7d3f3da5f9e6e48fac784ed5bbea060a820b1e9617482448567ad
pages/question_new_get_central_archive_p750.json	exam_list_archive	13070	20	475f04a70326fc7a7f74d0b3f439e48c78e04293111d0bf9708a59253ebf470b
pages/question_new_get_central_archive_p751.json	exam_list_archive	13786	20	09a0a0af7afd1c62d7750a61fb4923a8238e1c4f23c1fd625a71c192f174a00f
pages/question_new_get_central_archive_p752.json	exam_list_archive	14125	20	0090c4d61ffde992a1bde09260d987986b068a0b9c2daaa1f88465602a339e8c
pages/question_new_get_central_archive_p753.json	exam_list_archive	14788	20	9a11344d2ebf4e1c620c733c2e5195a32f2662e08dc4a66a72f8b9e11328a710
pages/question_new_get_central_archive_p754.json	exam_list_archive	14529	20	d35c8de9ca25696ba22dbd673c991d086d7154f4954a4dee801c1805bca96667
pages/question_new_get_central_archive_p755.json	exam_list_archive	14005	20	f92e08f4264e4af69a08dc9c8d75ffc5c085890fbb2925b73a214528ac960ba2
pages/question_new_get_central_archive_p756.json	exam_list_archive	14246	20	fd74c6d5678ece47d5679d20272b2b4d21471f24b003cf26e23dad8cbe79e493
pages/question_new_get_central_archive_p757.json	exam_list_archive	14600	20	0934966e268718fd800437716868fa38a6a37baaa64c10678744a3765e64db0b
pages/question_new_get_central_archive_p758.json	exam_list_archive	15071	20	f86753d413c7fe83c1d2924ac707aef02075ef9c41e37e45f6dfbc9e44b2e2b1
pages/question_new_get_central_archive_p759.json	exam_list_archive	14946	20	9a59fc959e898aacebbccffe8dbb840796fdb0a6e984cec044ad1972a1abdfb0
pages/question_new_get_central_archive_p76.json	exam_list_archive	27012	20	4119e9acf7bee3ec223b32f6edd73ec07d0036f2a2a0ee84691e490d893bd05e
pages/question_new_get_central_archive_p760.json	exam_list_archive	14349	20	9ab10e4658bff927dc5b1858913c4f1aebe280758b10c7bbea7dab1aaf40bada
pages/question_new_get_central_archive_p761.json	exam_list_archive	16598	20	3df50baf838760e44973545c6ab8e695313d6f5c182362723d8b3cedfafb5f2d
pages/question_new_get_central_archive_p762.json	exam_list_archive	16148	20	e798e106507b0eda353917d232acee4f6af438947163145dcd3760532bbac217
pages/question_new_get_central_archive_p763.json	exam_list_archive	16449	20	3e7999643d7ce9f9e6004901d6b988d9b6ed3fa6ed1a12f643f5f85ac817c3aa
pages/question_new_get_central_archive_p764.json	exam_list_archive	16328	20	79868af6fa159c530ee59027c6a58100d68789d860c646ee6c6fa344ca827590
pages/question_new_get_central_archive_p765.json	exam_list_archive	16915	20	0bd62f3a5392ef87d42c2a5b1fb5e26bde500be66a6a0d8bc93800302b7e588f
pages/question_new_get_central_archive_p766.json	exam_list_archive	15697	20	11b61eb1670bdec76ad3af930ff9b86f5aed88e346664b679a9c1fba66960794
pages/question_new_get_central_archive_p767.json	exam_list_archive	17945	20	866fba3328bd6c62684b4fb0929b04d72c5eb9c56d0cfdf6a3ec9183eb66940b
pages/question_new_get_central_archive_p768.json	exam_list_archive	15837	20	4b60e64f1470f9fd4d8636b108813cad1ed8caa092fa4973e08d6e625e19b23e
pages/question_new_get_central_archive_p769.json	exam_list_archive	14890	20	0b9b5d2f984ebdfed3af9328c08468971d13b124f111c390c70b66c07a715625
pages/question_new_get_central_archive_p77.json	exam_list_archive	28292	20	e3b66f47e20ca1740d7f04e76818e5ffd70b23193dac4b5bf6f197c4a487c438
pages/question_new_get_central_archive_p770.json	exam_list_archive	16431	20	f15d5c9cb600455c6a37c1ad2f275569205ce17b28599ba9453f0ba1a903f6ca
pages/question_new_get_central_archive_p771.json	exam_list_archive	15373	20	11325d4c6ce5e7d350ad1eaeedf09dd839bfffab921420ecbb724aef946ebe1a
pages/question_new_get_central_archive_p772.json	exam_list_archive	15494	20	ed331b426e52b39c098d005a902313ac5a5399f46bc29242af237622e3a113dc
pages/question_new_get_central_archive_p773.json	exam_list_archive	14080	20	fb9f1d06b2c23d01b2e6e0293986371aedb3b3f12e82e4c68844b31598c1aa4c
pages/question_new_get_central_archive_p774.json	exam_list_archive	6092	9	0e1ab3e9a5bb8c010dc5c9ad70c2ee32cbf97bb8845639d78980e9124b6b49fd
pages/question_new_get_central_archive_p78.json	exam_list_archive	24487	20	c98c66b3e7d68cb80aa3fb5dbef1da245b8c74a66b071c84bcc58fa9cc8b778a
pages/question_new_get_central_archive_p79.json	exam_list_archive	25000	20	701c60f4599f8f70278902ca5b4acbf66fd291ea71f0a693e3609fbacb570bc3
pages/question_new_get_central_archive_p8.json	exam_list_archive	24108	20	3138d21ff5e222a1e3f5b246f1bdebb703147f087108349242adbad5dfc77143
pages/question_new_get_central_archive_p80.json	exam_list_archive	30445	20	e4821dde907efe56551c01729e1987facec7b48686eac8f135a50627a4c4b58b
pages/question_new_get_central_archive_p81.json	exam_list_archive	25009	20	bcb513c4b749f8142aafdcd78af375cc3af5b3504139070be0896a6112c53ae8
pages/question_new_get_central_archive_p82.json	exam_list_archive	23300	20	137e097e8af2333a19ec842d4aaed8df5095e65c18f342a0124334204aecdf44
pages/question_new_get_central_archive_p83.json	exam_list_archive	33297	20	b5ba99193ffeecb388abd5f0f4413e23d016d46d5c533fe274fa01d1be7520c8
pages/question_new_get_central_archive_p84.json	exam_list_archive	21479	20	f63458fb6218695ff99a7c48ca651351ad8fee4a98f81f67ca2cccbf4a8dea71
pages/question_new_get_central_archive_p85.json	exam_list_archive	26361	20	3d7f7ad2f0e6ed12e0d3e12f14aabb1f4254458f9a7ee71563b8b855238f70e7
pages/question_new_get_central_archive_p86.json	exam_list_archive	25857	20	958719ca894b735d5b7f2c7339d7e99804e49e14b45c46ce2188948e84ff01b1
pages/question_new_get_central_archive_p87.json	exam_list_archive	26246	20	68a313336dde1458dcf374c962e416cfea3cc5b69c1545873f47dc309cc59af4
pages/question_new_get_central_archive_p88.json	exam_list_archive	25780	20	b483c78ce1c34486b38480d6bfb4a095c911ca01b975797e4db451ada9c3f2d3
pages/question_new_get_central_archive_p89.json	exam_list_archive	26804	20	c97b11d9ea557523acf2f7cd4de22f33ae048ffde3eefe09477bab436d00a7a3
pages/question_new_get_central_archive_p9.json	exam_list_archive	24421	20	1d194c739c94a6d30b7f507c0ce912e312bf4ad11ddd8f88e0a2725572060130
pages/question_new_get_central_archive_p90.json	exam_list_archive	27808	20	1d9aab5603fca6d3fdee5ae2e45d6ac7eedef408705464ee0e2fc194d0b4225f
pages/question_new_get_central_archive_p91.json	exam_list_archive	27663	20	37ffb236e7e3eff5569f9123d6d5f475402d00c23b7ef8322cc2e26f64344de1
pages/question_new_get_central_archive_p92.json	exam_list_archive	26581	20	a6406b5492f3de60d3561873a05e5dc1da5888e323160de67e05be88c51d0a05
pages/question_new_get_central_archive_p93.json	exam_list_archive	26359	20	8f6d962a9c748051c8c33c4261e80044050e86a475d739d5945f19b0b445faff
pages/question_new_get_central_archive_p94.json	exam_list_archive	24812	20	e706ca6d86e555e548ff9ae46c312612edf44de766e47664ebb3e382e3760d31
pages/question_new_get_central_archive_p95.json	exam_list_archive	21745	20	9efef8392d959628ee273b0a5f387a09ce367d45e5d3a5b8fa0b71321704f33a
pages/question_new_get_central_archive_p96.json	exam_list_archive	26811	20	232d3d9cd309ca53eb3e63c05f542cd06df1f5547f0f56438243597dcae6809a
pages/question_new_get_central_archive_p97.json	exam_list_archive	37660	20	be1bdcec4746820baef94af5b564a307f17191d57f7a56be6ecc648861557d19
pages/question_new_get_central_archive_p98.json	exam_list_archive	28428	20	3b1e7d94a0388ab4755d03a995e96a1a33e2cb09845f72889531f125296e9920
pages/question_new_get_central_archive_p99.json	exam_list_archive	31848	20	13bf0b433b78555eeb36d6ebe35c8fa3563b919f3a38ed5959ed558efa775d88
pages/question_new_get_central_routine_p1.json	exam_list_routine	27324	20	d8d4dc289b8aea1524deef612142c58b7dece41148bd0399a87a1e5ea4668325
pages/question_new_get_central_routine_p10.json	exam_list_routine	23218	20	d0df52d66c1388f70ee21487a05af13e576f79cad1662e10426822cc948afa27
pages/question_new_get_central_routine_p11.json	exam_list_routine	26550	20	84c262e7440bfd9370c70be47226696965196afb2b5bfb8788566fbd11aef9d2
pages/question_new_get_central_routine_p12.json	exam_list_routine	26405	20	ab8302bb97bf48aa74e5777c4351bf78dce91bad6c475c96a707d205c5b73fe6
pages/question_new_get_central_routine_p13.json	exam_list_routine	23337	20	b04a7754491e2050ae2cba51d839ef2c7a9bd4306075b580ce13b6ab0c2fcefc
pages/question_new_get_central_routine_p14.json	exam_list_routine	22431	20	130c5439f49af10608e65d54761d8229df6d2ffebae68b16a06d6ae7672e907e
pages/question_new_get_central_routine_p15.json	exam_list_routine	23680	20	e0cedb494d33c6538fc0699ad61493c300179de06bd9c5188671c2494a413aa3
pages/question_new_get_central_routine_p16.json	exam_list_routine	21984	20	60bb41d6bb38961c04f8a2ff5adeaba6201fcd65e1f2e26b5bf1b1c0e0fe91c7
pages/question_new_get_central_routine_p17.json	exam_list_routine	28682	20	c499876854b7d9f6c78484b39a8279228af9f7738bc51a33c85eada12fa523fa
pages/question_new_get_central_routine_p18.json	exam_list_routine	26137	20	80c345ee10d9c1e7b6c33362dfe4ae3c44891b1c281f404af97e3fcf9983aa0e
pages/question_new_get_central_routine_p19.json	exam_list_routine	21635	20	e12a03ed88c207a2575d985d93942d95a7ad66ee6307295480cc7a28e6a33648
pages/question_new_get_central_routine_p2.json	exam_list_routine	22669	20	a8209271a9dab1524051e6d2c824c17a64335fab15be043b1a8893049ad4e748
pages/question_new_get_central_routine_p20.json	exam_list_routine	23469	20	daa44cc3b4023529e1a3d13185c32badf9fff40f18cacdbcaf22aa4a41276124
pages/question_new_get_central_routine_p21.json	exam_list_routine	25905	20	7b84f91d0c27da00c2fe543e030a85d37a6e0219bbce5f4f1f55fcbc05329205
pages/question_new_get_central_routine_p22.json	exam_list_routine	24134	20	599d58af139f5da07ea9413f00e36d59445a8dca7f9f2bb65c7813a0e08ea74b
pages/question_new_get_central_routine_p23.json	exam_list_routine	24914	20	dd33b5eae51c16d908a2a69f7f748dd53f5f35739691cc9b431149434a56eead
pages/question_new_get_central_routine_p24.json	exam_list_routine	21595	20	1473f3beb2140e311a29e1483c5627d164bcfcdd9b3aeaf1eaea6e5a70739bff
pages/question_new_get_central_routine_p25.json	exam_list_routine	29522	20	d9c01e6676363f300633da24b93ab411ec9836cd01921896e3e4bfef6edfd05e
pages/question_new_get_central_routine_p26.json	exam_list_routine	23366	20	ef5ae127c5db32f7cce62811d59ab011e8bdaf55574a284a038ffff456cae2aa
pages/question_new_get_central_routine_p27.json	exam_list_routine	23664	20	742c283158a8496464c86c3d6866214932a03d9daf5406278e77f313c4c7aae3
pages/question_new_get_central_routine_p28.json	exam_list_routine	22936	20	9752e5a04b0490a951355575eb0bef6dc20c05036d3a613965bc548f40c2eaf0
pages/question_new_get_central_routine_p29.json	exam_list_routine	26015	20	613f35da6d39209d2fdcbecac3e683b35ac1d87d6cb310b0f47132e3bab1e0b0
pages/question_new_get_central_routine_p3.json	exam_list_routine	22849	20	37d57f5d1c8bb7c67f668dba9814f6d1d8627c05aca4e173653c499c71aec8dc
pages/question_new_get_central_routine_p30.json	exam_list_routine	21205	20	63989c080ab9c46bbe6efb4699937f93e527e033836be0ce9c8a9b518d03639d
pages/question_new_get_central_routine_p31.json	exam_list_routine	27899	20	97df15dab40cc647acc5c12f6f344c116601a741d57304ffc0f8c857142fff0b
pages/question_new_get_central_routine_p32.json	exam_list_routine	21029	20	77b0df4139e5737a1b8188847fc4171ddbf9fac9f7a1f98a1ae6fa4b7aa47527
pages/question_new_get_central_routine_p33.json	exam_list_routine	24701	20	54dc4803300cbaa72bc3a96b0dc24e6b48fe8592a3a4f4e96895528aca435883
pages/question_new_get_central_routine_p34.json	exam_list_routine	27082	20	57f287466d47f774ab77cc27a5d0a472ba59b72be445e44bab8a90f3171428da
pages/question_new_get_central_routine_p35.json	exam_list_routine	23094	20	61681070069d98ba455c5e7bd656ef63c86d1452e2a2477dd4744c2ec1a90196
pages/question_new_get_central_routine_p36.json	exam_list_routine	26361	20	fb14486294b44383f1b9caefd7a71b17c7ac2938f98bb8c9d6e0b0d12704f950
pages/question_new_get_central_routine_p37.json	exam_list_routine	30477	20	b33347d1d1c3b5d96b07c81b0d0ca4eb5c7d24826c391b8d0f87be479e9af4b8
pages/question_new_get_central_routine_p38.json	exam_list_routine	34490	20	422b3b87c4eef3c93627508c679d5140528c2d71eefa0254f122f0b2fa0b19cf
pages/question_new_get_central_routine_p39.json	exam_list_routine	27202	20	76e873b147ab24fce45356fef5a01ca77737e230706af665a7c7d73079ee5e69
pages/question_new_get_central_routine_p4.json	exam_list_routine	25096	20	5712884e45ee77271a326c2bed6f2e5e6fd6d45defb1af263359da01f0d3fdc5
pages/question_new_get_central_routine_p40.json	exam_list_routine	29739	20	bd9208aa5731e08bd983dc19bab323d1fd68fbb40e7bc15df763caa5c3c6c772
pages/question_new_get_central_routine_p41.json	exam_list_routine	24446	20	b0c187d9bc26c59f042a90e6308fc3ee62eb483b4b4c9c06ac51843e8a681928
pages/question_new_get_central_routine_p42.json	exam_list_routine	22584	20	002a5795c3ff9bf533c6b01471e8677aa93edd30ae7e2410354e20704e28f6b0
pages/question_new_get_central_routine_p43.json	exam_list_routine	25685	20	fadcf70a0909b12b42b70cce7abe757bd8f479b2b33953098e658583538bade3
pages/question_new_get_central_routine_p44.json	exam_list_routine	28452	20	536bc729e2d01048d4762928ddf895672f7ec8eeaf5cd7b243e87781d532ad09
pages/question_new_get_central_routine_p45.json	exam_list_routine	21694	20	3f939ee18e60277bdc2c02fb87e8209bfb2950503ff058e8ccf7d3654aaaaa72
pages/question_new_get_central_routine_p46.json	exam_list_routine	21814	20	8e995e5b0e2b3d114a761ab74675d4274faa296a3480b6f9c7065a630cc95ff9
pages/question_new_get_central_routine_p47.json	exam_list_routine	20249	20	7345360fb10063be6bce1f005c2b6ff1f70c42e46c259cb6502df603148c13d1
pages/question_new_get_central_routine_p48.json	exam_list_routine	21685	20	114162ba13243cd2bf52602a951ce813804c692d711eec3aadea7a2d9919695e
pages/question_new_get_central_routine_p49.json	exam_list_routine	20241	20	a023a4347b944f89149d93db53b2d656a11cd35e6ab1a91ff6edacfdaa186470
pages/question_new_get_central_routine_p5.json	exam_list_routine	28173	20	7d336ca812face2dbd29d60a9879d31ff5d43325ca5ebdd7f72b73895b2c92e7
pages/question_new_get_central_routine_p50.json	exam_list_routine	23310	20	a8f682a347bf99ebe2db75d527fb462a88935d7c0b400ff6bbdbc062a085d47c
pages/question_new_get_central_routine_p51.json	exam_list_routine	20608	20	0f499cc4045a254629f0395a6b04a521235db41f506734e29ce63ccf5257ccbd
pages/question_new_get_central_routine_p52.json	exam_list_routine	19646	20	a2c6eb3ceadea8bac4c04f4aa1650a7e926d263874403ec9b51068bed92c8a2e
pages/question_new_get_central_routine_p53.json	exam_list_routine	22245	20	96699a4c87b26ce85748849aff47944f871354085e933afbd9600adc48ee3bb4
pages/question_new_get_central_routine_p54.json	exam_list_routine	24115	20	cf3f0a53127824f7811d0a24def955290204576de44a6acb9affc6dbed7596d0
pages/question_new_get_central_routine_p55.json	exam_list_routine	24789	20	10c77a1fd8c6b8ac82eb86725460cd04a63e2c142e26830e60bd4909a35a311a
pages/question_new_get_central_routine_p56.json	exam_list_routine	22316	20	63b71e759956a67c2048a6e3521a1f34b522aa90d7c515e2b21e0a4a1e3ace5d
pages/question_new_get_central_routine_p57.json	exam_list_routine	19061	20	6971bac6bb987941d62b18e238c86c0b29bbbabb2ad36793fb1ade8953dad845
pages/question_new_get_central_routine_p58.json	exam_list_routine	16162	20	4cc50b667f7129f713edeef8a7a6df6c131dc1dcd317e1d7a14e3df0cd684514
pages/question_new_get_central_routine_p59.json	exam_list_routine	13637	20	9d5878d4ab58dda7d31104589cfed179fd0ef11868bd0510c1816520b1def89c
pages/question_new_get_central_routine_p6.json	exam_list_routine	19828	20	649eacb464c2210b261ab6acfb390821ea928282e0f09b59b3e6012aa3e37a74
pages/question_new_get_central_routine_p60.json	exam_list_routine	18102	20	00bf7a28593d055fb1c7ea6ef235948ed17abe1aed5583b5a6d3ada9465a5ad7
pages/question_new_get_central_routine_p61.json	exam_list_routine	18697	20	b8014ca25585d9f7d88783638442c674c578619d78a950736ade231e8c259a19
pages/question_new_get_central_routine_p62.json	exam_list_routine	13165	20	5ea555596e513d24ade061839df304d47b55dc60391a0ac68a4f2e5c37fa2250
pages/question_new_get_central_routine_p63.json	exam_list_routine	8239	8	0a4ecfab0e9fe429708cbe8002318a5904f2e4eaa55eb0b4249fe1c46e2a48b3
pages/question_new_get_central_routine_p7.json	exam_list_routine	21604	20	38886abd79216730f4e743d5f85c166fdbc1f39010bbb7c3a0a97d594334ab54
pages/question_new_get_central_routine_p8.json	exam_list_routine	24555	20	6100054ad140cb9147a0d289e61b8042f89929626b2a9ca953aaf686bffc6ad1
pages/question_new_get_central_routine_p9.json	exam_list_routine	28042	20	d0d0b540d144eef00dd7c03e165a2d29f8421a81ada3931675f3e75339de7255
questions/page_0001.json	question_page	34170	50	01604fbafe24aa99eb6b3e061d3473b2a32b7ebcb935d9a30c79a628df348f54
questions/page_0002.json	question_page	42042	50	9e402198f43439bee0cb220bdf5ab7c1e93e902692665b65001053781fd2e08f
questions/page_0003.json	question_page	44606	50	289f150c7e1ae27224248d66996ba8792b8329616d5d0f7cf7127e1977eb0172
questions/page_0004.json	question_page	126305	50	7834ad7172c08bec126eec35c6a10759d979a4dfffbde8b909b7070a71078a80
questions/page_0005.json	question_page	39799	50	b90886664c1622f7a0a5bff67b704ede3fa11cefcf9872ce1e11ba790078f098
questions/page_0006.json	question_page	45410	50	16e73cfc9471bbea74c87ac80b4d4f20d8c9f697b20117ac248bb3f570cba2aa
questions/page_0007.json	question_page	138637	50	8aa42c6c53968ff9c16389e0303586af721064ca9eb358372ef61660682b1634
questions/page_0008.json	question_page	71518	50	48007b74ae0165e8561945e70585235267fb379887a88b5bbe5b177c6473ce0a
questions/page_0009.json	question_page	41080	50	59d4d7c5aa23f59de9fa45dfbd621ffc7650a3544551e6958b34b0d38defea75
questions/page_0010.json	question_page	39016	50	da309cf8fb24afa9b027c7ea1b81332e1020f56a383a1c8e5a874b0c87dbe1c6
questions/page_0011.json	question_page	71583	50	6b64b0c0c7609dc0937835fc22f30f1e02752251d92eb504d48263d51b254dc2
questions/page_0012.json	question_page	104695	50	f974012c1d09841fe348336cdcd202983c5789a0af9d489bc9ae4b1084c1bb64
questions/page_0013.json	question_page	106629	50	475591df251268b9f55008dc8faf1cc562e79595aab74cb4d9411eb5ab7e15b7
questions/page_0014.json	question_page	95401	50	3a18feed7a7d25d8d92a6f0a31e5eefff5a26faecfe1d93c5783743993f737f3
questions/page_0015.json	question_page	67510	50	51d7082da69816cf1e195f45da758add1010c02f36fa6e3fbc591fc8f8ce6ade
questions/page_0016.json	question_page	149698	50	a96c6e99d67b3ad1fc263b20082ae43fcc12300a56f3db0a9217e3dca8de7469
questions/page_0017.json	question_page	51188	50	40266acf87738f971aa52e5710ccf57b48873c97333908938cab166922c8ebef
questions/page_0018.json	question_page	47848	50	bc028d3e7cde655c4de5d5614b6c4bcd629498e925064740b0f0a3c8eb8d2e34
questions/page_0019.json	question_page	153581	50	8dc9b835048299effdaf5718a7fd1847712a035f4e73f439e122d61d821da4c0
questions/page_0020.json	question_page	80386	50	557c8e649c84c075bcf15596bb0809555bce12f978ae77c2139a83aa2fab937c
questions/page_0021.json	question_page	37589	50	054ceb000dae189d6abf618205f7115295f16ffca046da5f1050872671052f71
questions/page_0022.json	question_page	34546	50	ae106436f48efc314e04cdb60bb5e99ff5c2c2cb5ad2b4995d9e56b21ccae69a
questions/page_0023.json	question_page	39521	50	9d96f2b6eae84daead5e87b6b63d2cc015fd1e58f1627c0dddf769702a4688ff
questions/page_0024.json	question_page	33187	50	6e7cb00536ab1b656dc6a1089df51bc4951c1161d427c2ed176626a225d44a72
questions/page_0025.json	question_page	78140	50	35d81abc6ad0807d846332557bf8a367db286b625f0209199a0a625e552f55ec
questions/page_0026.json	question_page	66831	50	e5a286e9c8e4f1a5433f3515c9a4f741009e4d9eea896671583712273d4a1325
questions/page_0027.json	question_page	88145	50	1de3a4f96b36b22388acb2bb2086389e28286556f77464ca3b7fb9927e7563ce
questions/page_0028.json	question_page	108792	50	ad12a0f43023de7e2396656d56609abe6e2feeba5102964d2cf987d7b79dd0a2
questions/page_0029.json	question_page	116541	50	81ea79fb5234283af4e90444dec49e06c54c4e6575234091910bc8594adf9cce
questions/page_0030.json	question_page	50952	50	5fb232de92249cc51e83c36dcddcb3dfc921ea5ea5c41ca956874668f2bb337d
questions/page_0031.json	question_page	41444	50	b40d9dc30ff91810310a7eb8d9dcc04cc6a79395ecc3046d31dab5a8e1ea2db2
questions/page_0032.json	question_page	31120	50	d89639ef9e2df1e415e7bd46fd3de85431f556750318c93d26f2c45b6675d024
questions/page_0033.json	question_page	41963	50	57ed1fe09832dc307ef53fac066e3ed644afea5013e0e94ba27737f5f9569429
questions/page_0034.json	question_page	124436	50	186cdead033338303e30a6f8f6260035ed6306b5774d62fe6b447fe4c2522f20
questions/page_0035.json	question_page	44151	50	c8882ff8889d8c1563d81ba21b2fc945b1fa0ec8905877e5569181265b6d3e35
questions/page_0036.json	question_page	64653	50	8f67e48e8dcc1ea1bbf055cdd5ad74c9872ed61988e4f4c603ad7181abcbaedd
questions/page_0037.json	question_page	93160	50	b046190681e0c7d88cc27edeb7cb3a9573b4b5c575bfd86ee1944d0ef90ae4b6
questions/page_0038.json	question_page	152461	50	f8a83bf4427d6f49ff1ed46116c951028b3e73bab46c14aa7b715eb7023578e6
questions/page_0039.json	question_page	77617	50	cab2a840c7390c6e1d487efe2f08755253d5b6eafadf3bc7e915d6d66470c230
questions/page_0040.json	question_page	39758	50	9172e1a22391df1c82c08928a844d87fb1bd100e333315a117dad242cc8deb92
questions/page_0041.json	question_page	37961	50	f7e371aac5998c4f855293b00140f5a93a3cc2bece49e1aed7268f246aae039a
questions/page_0042.json	question_page	24907	50	dd94375639128da71e04493e6f6d2604d419bca8cd975cce2d5e713ec181c707
questions/page_0043.json	question_page	25747	50	cf0dfa32441a55364263175564c66476889e17c445fc5b5f56e458790a9a8530
questions/page_0044.json	question_page	25584	50	e1f2c9907c95729ca078b4c2a2916974933b1c5a1fae52a0e43edb7902f1a418
questions/page_0045.json	question_page	34504	50	e8625888b034344230ff399b3db7efae9490cdeeaa503d141d9d0e212c1263c4
questions/page_0046.json	question_page	29377	50	a318229feaea6fd7d5e4e8df14145eea8e86d71fe5ab4886c03b2e4b3dbffb4f
questions/page_0047.json	question_page	36861	50	e28fd522f6a59a90fbe785d420e9bd6b9e2682c1c36a3bf80052e59dc03e97bd
questions/page_0048.json	question_page	163161	50	7f5e01126b10c5137ec93e44af1318cd2719cc601baba7283220e61e559b9395
questions/page_0049.json	question_page	42352	50	31ef4d1ef224acf9dcc1c0b201539b0c447cee0f1a757ebb770a61727f0e7eb0
questions/page_0050.json	question_page	31351	50	d816aeb7946fa2c30bf86c4d001d69700805488d1b55fbea54779733faf59f6a
questions/page_0051.json	question_page	105651	50	3f12dca102db62798baaa4571800a732d0671712cb30793ee302da4f2393e609
questions/page_0052.json	question_page	170205	50	4121a99a3266823ac552464e7bd3a4cc95a3163b1ae79b62a1d8e859a837575b
questions/page_0053.json	question_page	69260	50	8e001eb55b36d6e630ad431b84509ef3642030aa255869cb3bc7a319daef5ea3
questions/page_0054.json	question_page	113226	50	aadd41b195b234108a48ea814e3ab6000773c77c46ab2dd681f931c0fedf41f6
questions/page_0055.json	question_page	46348	50	0fd64b5e642abdef8b9c25b134805a8eac9dde53932ce8dff567e782575aa16a
questions/page_0056.json	question_page	30327	50	8a5a29415ba4fbea8249aba012001f49f4ae6ce5e6cf7bdf0759f48047f1ec63
questions/page_0057.json	question_page	58692	50	d1ccbd8013cdca88f8e2d1a71014fa5753a5b639f596be8feab201d46a593951
questions/page_0058.json	question_page	86091	50	a72464a41ca5db10781d9949948b8aedb305c154874399ebb9246607202dbc2f
questions/page_0059.json	question_page	44923	50	80842169e515dcaa98b0ab899c8bd7bbf65e6dda6a9adc828d421237b63e02c3
questions/page_0060.json	question_page	59704	50	f5bc3dcb5aa55a8ef8ab1ccef1b94498f14ef7ab4788c18c0ffcb5921922e7a7
questions/page_0061.json	question_page	117517	50	cfa1d4d3a0698e8d865511da9c77cf91a9e2d04ae7a8b82e694ae40813c780ee
questions/page_0062.json	question_page	99547	50	818eb90ced391abaa3d6ed8688dbd6ec5bfad92cc5583d8bdeefd0006d90cffd
questions/page_0063.json	question_page	119284	50	241ec4c98c4e27169ca735d165ebd5a946950bac7baaae95680b271730e2089b
questions/page_0064.json	question_page	51631	50	af6df386578cd2060ac16eae78a42882a3dd82827b6895d3cf502b1d48aa3610
questions/page_0065.json	question_page	111806	50	c0832bd748b5d52457bd904437324f1bbbf64d33f70941db3144a752c01decba
questions/page_0066.json	question_page	75255	50	c277260449a8b8f86987256a0c248650b6214548078d9a43aabd2f914b2a2e87
questions/page_0067.json	question_page	107627	50	2f5895995bcf2a4db79dc9d50c4aa79d948dbde375c284bdf8274f49bcb51684
questions/page_0068.json	question_page	36859	50	fbe4405a248852da1fad0d3e65334be6d60b774f5a036ebd0f1d0d69d82f00a8
questions/page_0069.json	question_page	108148	50	7bcb6ebc264cd91e0144d49c86348918d3711632cbe9e9a1f2cd2d62e5008945
questions/page_0070.json	question_page	93886	50	f6c5d611f40d63c8e4293ae6c2f02604cf41c489f95a5339786daeec8e2579b7
questions/page_0071.json	question_page	94735	50	286b2151dc26bd1ed666482ffdeb84ebd8445a4150b4e622d0228f5752c7920b
questions/page_0072.json	question_page	44881	50	3d8c21cbbebf324525e857a484646f18e6d87bf4799467486361e123319cedf9
questions/page_0073.json	question_page	99749	50	c965715772f86cb537adc611ce48a2dcc28ffbc31b2edc6d084580e3f3ae8382
questions/page_0074.json	question_page	96694	50	fdbde58bd2efa0bd9bfd9a58f71060857262432badc1a5e0f83c8dcd05fbd516
questions/page_0075.json	question_page	82427	50	0d6dc3de4a4d706230943c76684112d1ddb07901177a00d8931d8c344a4e0031
questions/page_0076.json	question_page	54015	50	c93e93b420fb0964555719aba383d4e559ad2d8beb19e136d4ba6a1cf2df69ae
questions/page_0077.json	question_page	73792	50	17da4c756f7538a62353fec79efd45060af74de02a3e883377bbde6d4e6e4d55
questions/page_0078.json	question_page	77026	50	bb9d8b1a1d6b4210737582ee02f5083912208654d8ab3cd5d72c0dc1ffed63c9
questions/page_0079.json	question_page	116540	50	78a547e94b736e1549bfc716bdcbd3df54dfbb20b579bd38f2de600875a514c5
questions/page_0080.json	question_page	95947	50	498a7e634f4c83ff45ae90cd13a1e5378bd3446f36cac794bd5e1cd1348d9e61
questions/page_0081.json	question_page	132026	50	a64d03b1b100e9a66b36efe1fbc4d7089494a1b3c7f6fdf955d6ee2117bc0331
questions/page_0082.json	question_page	112647	50	84d47d0fd8e0ff786d1900faa2894e35631d796ee35e13e2fb2576d900729d7a
questions/page_0083.json	question_page	113815	50	29bf03588fb4c7c47104f21efe5d10ee62cad5f4fd2aefb5741eee8116093ad6
questions/page_0084.json	question_page	120379	50	ada2bf8595ce8a9475957d3c6fbf3c032bbd39ad0edc24708d7473641f620766
questions/page_0085.json	question_page	106203	50	5a1ba63335d6bf7e82a232fc6865b7613fe7251c818f2ff5b5157026df0c10ca
questions/page_0086.json	question_page	125651	50	7fa603f7645843df0e393954352e46878aef3810d9c37997b5140dad8e04e7ba
questions/page_0087.json	question_page	118790	50	e2f240b12fd987bc1260f8294fd0bd7ddeb3baafb5fe1e66ad999679fbb2756b
questions/page_0088.json	question_page	103480	50	e2d749f44bed09cdba6117f63f324c2a2f1cc5851373cea5ca0f63a7bc4f37e8
questions/page_0089.json	question_page	129436	50	30dc4b9d3a9ddafaf81fb07a8fcd1b11485bcd5af168cd5b292dc6d424e36efc
questions/page_0090.json	question_page	118521	50	6c32733390cf264ce6bb94cfd94548b7ed0ff86a4ba68a2a1519449be35f4625
questions/page_0091.json	question_page	101381	50	c429d12b3419ad0339264b4131900da0d87f41cec74f4f048e8e3ec434ce8558
questions/page_0092.json	question_page	133278	50	deb39a7215bcae7a8a99cc714cd9efc701848a73d9efbaf248f40656668ecbce
questions/page_0093.json	question_page	115942	50	3db81f607e99b3f42a2bab989534d2424695d4db6d7931e31df4e36a008365aa
questions/page_0094.json	question_page	102069	50	c5976a00891078f9ab052b3217f99edda5f3c8f1b5bb3014005e8a8ae9d76899
questions/page_0095.json	question_page	134738	50	a1abee91ef7b17f1dc46c2728929984d833a85ba1eb484fd84fe3e79b55fc273
questions/page_0096.json	question_page	110162	50	3455dc063d4e0704c40bf1de8c0e165366ee6ec2f72e8695f22f4b340f680b65
questions/page_0097.json	question_page	103286	50	b47c1cc131ed8f714fbc54159493b8c69c965a01608c5e65ddc3dff7107ac908
questions/page_0098.json	question_page	129724	50	e266f15ec75ca834294ace24ab53e859d94ef7e7a965a4d8b623768494da33e0
questions/page_0099.json	question_page	118028	50	a89d5a55faac74ed6e0ecbad03a918a0665c653e909019beb0911ef81522a879
questions/page_0100.json	question_page	102403	50	d007bfef85b11641802314a9d9779cc0359e2f213aa0546c24ad8d62621e109c
questions/page_0101.json	question_page	133028	50	21faed075cef88d226d00f4883fe52181469a9ee3348af17ab5e16f0ec549ecb
questions/page_0102.json	question_page	116039	50	c7ec14a9cf9c4a87a02986dee0d69913800e9551d60104e475d24304e2a5b705
questions/page_0103.json	question_page	104533	50	49b00a7d64d0dbefd78df682a232c581157f33e44151bed32be7481b738108b1
questions/page_0104.json	question_page	122409	50	f81b137437ea2f77ef8adbf7b0e6bb2515cdfae13ec0a8650eb9c81ebbce0f7a
questions/page_0105.json	question_page	115945	50	55cf6692f3ff873621b446cb768e2e127a58c208b71ee4767866c7c100b74863
questions/page_0106.json	question_page	104005	50	09e0e1864d24a6cc87826bd87a420eea939d8611093579f6e1f0a3234ab8d9c6
questions/page_0107.json	question_page	131849	50	a4e362f9ce587924a193a0e13e295bbbf1d6ecc4be6fc2702067c658436a03fb
questions/page_0108.json	question_page	110992	50	6d6b4835f92821e45658772e912b6f78faed508c3622db74a199c4c09197471b
questions/page_0109.json	question_page	114317	50	0aef8705bc5c184061a58c137827f7bf5af8ad77db22793a027e5fb32dd4ba35
questions/page_0110.json	question_page	121155	50	f8289f4f65fba29d81cd8ea15ef7018ebdc763fd0a5ef2e8b39a577424f5a79a
questions/page_0111.json	question_page	104197	50	ebbf684ace0b1fbd5815e4f6cb07c17a743a67ebff92c776d8b0743b1e92c786
questions/page_0112.json	question_page	129727	50	4fad4c26fcc5c0709eb56460ad269fe1d443cd6a55a73e8171066ad85ea28104
questions/page_0113.json	question_page	118346	50	5efdbd49fd1652f4ffb4b8dc846cbc5e2f725d1f4aae91703130096ee2f94d77
questions/page_0114.json	question_page	102600	50	29fb2fb7303dad86c92435bdecde62c2b4178ca444eb5dcccc1e508ca301744c
questions/page_0115.json	question_page	134405	50	3de66d9b7edcaa46341c243fa0093b0d8fed1063909ff314f9f5df774971f28b
questions/page_0116.json	question_page	113225	50	138638bda90695a8f83f61cf36ee60938c1b3f44f87c12b4fdf1815d62b2f08a
questions/page_0117.json	question_page	107070	50	40b5fd048af521c33e12163871e28526729d888471b8d3c47ae237a222a37185
questions/page_0118.json	question_page	131979	50	cfc9da28adfefd0ec594f7e907b633233541a81914dadb8401bc06c8a241cba7
questions/page_0119.json	question_page	110268	50	f7eacf53ee7aa4b7dbc73eea7847a9d94fb03dcc4f185fc6b307cf2719c692cd
questions/page_0120.json	question_page	114104	50	56bf191b2716ac33f5d7b7bd5099463cd8ba83b217df2f7e3de358f7b2323e51
questions/page_0121.json	question_page	122555	50	bc7ccce9cae629ef42cabd581745d5febd4a0d4f0add2cb8385e8d275dcaef72
questions/page_0122.json	question_page	101970	50	cfe9288f4cb318012b460aed0dd572e39685bd04bba92462adf45bbcf50cdba5
questions/page_0123.json	question_page	133082	50	e60495e3d27506437f07da95780bfb4712338ed646a4c1c5ea9066c4d3a3a33d
questions/page_0124.json	question_page	114104	50	9f87e246c2cc119574c8ad0ea306945fd544e042a0c87054d4534dbc6da0b85b
questions/page_0125.json	question_page	91553	50	9aadc57568b6127a1a9513a523e4732ac6bbe0d55b154b497aebc5ab22517dd8
questions/page_0126.json	question_page	75311	50	01ff16d8ed8d9f36642bf6dc8b4d1a32c9ebdbcc186a094616682ee4b1d8ea72
questions/page_0127.json	question_page	59905	50	c19401725b8077e448b0bd309592fa9a6c12904faca15f6859bd1018db91f71a
questions/page_0128.json	question_page	67856	50	1d4385a75416658526d72cefb01ff1c886b3607a3ac5cc19c9e91f5212e4bb8e
questions/page_0129.json	question_page	72145	50	87911cf339ba3c8ae53e355f252962bb6cd7e255e04f3ef6f0f824e68e119439
questions/page_0130.json	question_page	70624	50	9710b69a02f8fe0a5462a7c9f89db05424c3576087b08cea221f5973b62139d3
questions/page_0131.json	question_page	76506	50	aa4ef74561dd368c98ef4f4ae58559f7ea08f8fef9d54a6ef78bdf2deeca6925
questions/page_0132.json	question_page	42824	50	beeacbdd2b7839f2f4e0b5c48a9c582f71ad4c9f12a4b0305b7db87a6f076c43
questions/page_0133.json	question_page	54359	50	5391ececa9962cd56482fd2bbf6708e6af9f68b8cd9a451c2a770f7a90a13ed4
questions/page_0134.json	question_page	50260	50	511e204ad4547ede856a68bc4cf99790ee6c5146ae92ae6254a7d9b6b0aa8a52
questions/page_0135.json	question_page	47687	50	8804e6ecaef2cbcd1ae66c6efcde9ec88f9aaa5b65757cf201e38f74fc06aaf5
questions/page_0136.json	question_page	39667	50	e5268c87d54e6d534cfd8f0a18298accbfe437ea6201f6dd3689760b63ba8500
questions/page_0137.json	question_page	67878	50	2f92a094543de8bde5f5b193a193c547de1fa55a1e8a2d58677346ad3dab9452
questions/page_0138.json	question_page	81021	50	7ddc5df60f9f9a1d6496d8b01335f57e328300ec4609599cc738afdcb222b7fd
questions/page_0139.json	question_page	93476	50	7260eabf5255c1b7a8ee48b7293805dd5dcf6d6a6b643379e37527f459e10816
questions/page_0140.json	question_page	83743	50	95a18cf1199559ba2837b34731b1abd430abe918ae6ea3a9e7038050645ecb16
questions/page_0141.json	question_page	69388	50	8ceed43384baddec4f520921ec5f1fbc90363cafa15deab0dcadfbff1f9624c7
questions/page_0142.json	question_page	47666	50	ef700d85458c9b94b79c543e4b51c1d9ab2aebb3582d693d77fa922b3efae6fe
questions/page_0143.json	question_page	66218	50	fe809225357fecd97feafcb70b08651b4894dd35aa0b80e62f835f535f584c21
questions/page_0144.json	question_page	117681	50	f3d0683341d58eab3cdaa6026094e0c9ac13548a063195d3d51d5bd3fa4759ed
questions/page_0145.json	question_page	88954	50	624a1670459635969a10d6ede1fa28b13418e8148c0cd339394f8405fb232697
questions/page_0146.json	question_page	87164	50	586ee0efacd7a1bc7a6a2c130a4e421148ac0e6ed6858cda25271a30bb85e626
questions/page_0147.json	question_page	73057	50	4c41014ac81d9512a9a124645568e15e38e2f765b8e15bcc0cc5342756319107
questions/page_0148.json	question_page	135169	50	cdc6b6e23d6388fff4fc6c15733ef9cf9e375e2e229853cdd18d7f62158a2244
questions/page_0149.json	question_page	79432	50	e87f9543c349301d04af526eaa3758f1683b13e27ee165b1843e48a03a40006e
questions/page_0150.json	question_page	69196	50	18948f2d3b340a1e1705166842cd53b051fd51e97c635b0da7262a18ac6fb86c
questions/page_0151.json	question_page	46707	50	d7f3c96f07ad8ffe4dc5b7cef93ea756a66fcac149a75d9d57200d7d2b453bad
questions/page_0152.json	question_page	46515	50	07229b7ae9dd249bead975b69eca8a200493d5443d04d638194da9f9ca02f4d3
questions/page_0153.json	question_page	57588	50	2a51b462cbbdac36a8823136c24ba3b45e73e4ca4cd7985a83ee8ee0a6ca3be0
questions/page_0154.json	question_page	88221	50	1522c1d8881309871f38dbe421dc0d8a3772e2f53b564e41e63e3de148969ef5
questions/page_0155.json	question_page	55020	50	936e1c1592a86cc5af77ea91fb50c4d62e01a90256622ebf10da9e703b066017
questions/page_0156.json	question_page	80347	50	5f54a819620bd7769a3ec814d3afeb898ee06ed1b2111bb67eb5b8c7631e4db5
questions/page_0157.json	question_page	56404	50	29040cd30d3ab9de8f19a7941b092a6ba17f76fe50f54d76f9a37bfd15788334
questions/page_0158.json	question_page	65575	50	13d1c13b882b3ced6db95391c45c0aa7304b0b140b79a206225c5cac399968bc
questions/page_0159.json	question_page	89673	50	c6f74aac98d51c07ee15c759237a95d0a6c15a9489a8ae6daf41d310173beded
questions/page_0160.json	question_page	84361	50	b4136ae087deb1807b3a90fb653f04720925f0dc625615b9f98bf23f78f8568d
questions/page_0161.json	question_page	85078	50	b1068b34efe7d97bb4d58e5034df3c6467a01bcd6ef5a259415a88362bb4a62f
questions/page_0162.json	question_page	82223	50	bc82f7361bf41c8a132cb7f25a172e21b0330fe02b62d0a5bdfc293b649602ff
questions/page_0163.json	question_page	79434	50	f0169ee7e1565177bc6df68867f0aaf65931816c05f6ee031cf3d22bb7e5647c
questions/page_0164.json	question_page	85954	50	1138dab0b13b58918725a71b27d8c6c64ef74fbb22c01fec19de725f299344b8
questions/page_0165.json	question_page	87478	50	a5fce9b4a64609c4d6ba1ddd41fe58cfdbb423e0f371654164729515e795a05b
questions/page_0166.json	question_page	81541	50	a5c2b6f402d20b6c9098d8043a1dfbeb6055ca1d3dce6804c01de53fada230e9
questions/page_0167.json	question_page	96940	50	39023bcdae4608c7207dd12a01c54c01d33ac629060efcbb7978413be42962a3
questions/page_0168.json	question_page	85430	50	69ede15ef2d916d734bf17b63a967b58c01ad918372419877bf844115f3cad2b
questions/page_0169.json	question_page	54861	50	e463b46729343f489cc6f74d0408edbb7f0bc1d96abf9f9bf9e44271d227c0e5
questions/page_0170.json	question_page	64034	50	53e597e8a712f591b5bc9178e3e29bf0e42e3a336e989e798b658f7efef46787
questions/page_0171.json	question_page	64005	50	3ea739489cc348d8cbc2e91f54d2b3aa70a0a2a500230ad96218d4c72a76d994
questions/page_0172.json	question_page	70911	50	37c7291d7f34775249404b659c2db960ab088fadab1e7a35b77a2b6c299da323
questions/page_0173.json	question_page	63506	50	d4d72cdb8fa18cbe0ed080be5e81b5accd8769b8cb21d4beec6a37bde3c99bda
questions/page_0174.json	question_page	62090	50	74ab7e742a77ad9a8779393968e80c54ee54f35925c6793f456cc33cc96fda2b
questions/page_0175.json	question_page	51713	50	8d6b1a29335266b00f24d30349eefedc7493fa46fe053d31ab28e4ce43b8b93e
questions/page_0176.json	question_page	48007	50	1a48267d3d6f63177db7f7f23ce563b3f21264cdf3111f29279d9f9601ff7115
questions/page_0177.json	question_page	48783	50	c85b2ea8f29d483ae618830e8e9b75422f465e010b03c3d16a95226d78eb745c
questions/page_0178.json	question_page	49509	50	e6d99ab34e052414a13b80b566d91b1781804deefb9bc070c0f533854a9e8258
questions/page_0179.json	question_page	80327	50	366e5fbb07fbbb4ba3c2d9301f350c3d89761f9c1115232292699c9a7f4cd791
questions/page_0180.json	question_page	56447	50	a590e802aef68e7614aa25f3364d81aaee087473ca44ea3e19e88feb0e3de62d
questions/page_0181.json	question_page	67417	50	2765f417e586832698d5e2ac2add9faa471e7d3c6de3a385d829747d2abb8c64
questions/page_0182.json	question_page	70549	50	e9f0e9852422fffcf98e84674aac5320f51c473729773df68601216469553013
questions/page_0183.json	question_page	42626	50	4507bb3df558f358ebd680757a9ba92d9428d06c76a6ac03bd17aeb2a3f8e4b7
questions/page_0184.json	question_page	46518	50	4c89e331c615bba181aa8c729ae14aa2de9725f0f3317aa500d113480ece2522
questions/page_0185.json	question_page	106776	50	97d55e707becd2e72b6e13f183175c7ae72137f04be3414af7a7c3e29fbd6188
questions/page_0186.json	question_page	96594	50	f57594bb2bb7bef52fde6a3e78d21446ada000ad4787ce87fa7aeb5432911504
questions/page_0187.json	question_page	117674	50	8c1d689c7d5fa1ec7133b4566056537324e5e77587832225f7615a5a4f757992
questions/page_0188.json	question_page	85690	50	26a16c03742d492dae37116fdbb7b7a951d91ff12eba583d5fe218290032583b
questions/page_0189.json	question_page	54647	50	a6e33acfe9f8ee4a0b02ed0b912d8d0559181253a9694bf5de803ad6299a2392
questions/page_0190.json	question_page	60569	50	85cd39f0f62ffb8d8ddc6d7bac987fa61c61f7d5e6cbc98d483c60d14edd2eed
questions/page_0191.json	question_page	97637	50	9141efd9cf75e762bf42d8ad07a86219f1e28fd799ccba4d5efff803a9b52638
questions/page_0192.json	question_page	99725	50	be65415151ab6902643a1a189ab7f6409103dda9543931e9880ccf18dfaa9c6c
questions/page_0193.json	question_page	88332	50	4201f43fd642550e4ed464c6b5214486dfcf928f3d6eed77827b80b80c875cef
questions/page_0194.json	question_page	52877	50	339e27a35a3a11be999afdb1a6a066c11e382e39542719a24e5ef09616b6868b
questions/page_0195.json	question_page	70290	50	3f7f369f81d537a518c24fa41a3fe468881b5ac874f72cd00c7d2bb270f1aa84
questions/page_0196.json	question_page	103740	50	8db6c6b4a6cd2f66fb9fcfc9c5398b1209fe846ae7aec530c45270db051cbfe2
questions/page_0197.json	question_page	47795	50	68a08cff932303e811e7c48f49c343edde002c8ca112feee746f037314012b62
questions/page_0198.json	question_page	56693	50	20be10bcd1ffe66cfcb91fa69b993fc2f8b022e8f7c3c3c0cf9a8169892d27c9
questions/page_0199.json	question_page	56770	50	b1fd78c0d24b7e3ad0b857d7e0a362d95a82c7217c2c6697a775530db2da5707
questions/page_0200.json	question_page	70560	50	31b02a2e2bfd06458fb49c1fac2af410ed90e92f791bb8b7d5d9f36aa132f860
questions/page_0201.json	question_page	72199	50	a09236e13a8ec76106773bd564dccfb35362cadd90fa9f2bcb595b69e97a75a5
questions/page_0202.json	question_page	80893	50	b95cf9b0e03e3008841b2733a604f5a750fb7d3130a9d1c45819e1e85461d35b
questions/page_0203.json	question_page	65496	50	cfc6b73c3311050e33672cd53ac350c275041a632f235c724888e57ae7267d90
questions/page_0204.json	question_page	68754	50	21a8b2aef90dd612368838549f6d1769ae8a91011fb93720a5dc3476ea7d30e8
questions/page_0205.json	question_page	55456	50	57f43853f2b8e1182b589b29cf6cda7e618165835895dd08bb08f6f65860d44b
questions/page_0206.json	question_page	66277	50	5109509922d5ad36868be8e1e6a8d3628468f8eced51cf367ffec21c6e20c37a
questions/page_0207.json	question_page	51230	50	b49e5eb3b25f10629c80a33c10f12dbe9f7e4320173cef1b39a5234a269c224b
questions/page_0208.json	question_page	43421	50	25ea492c23d55d39c908339d86981dd559d7b8a2d1b59cfaea03e3eb233bfe4e
questions/page_0209.json	question_page	40691	50	60d733e356d98c2c57a12d2567d22b4e112bb8519b2da4030efa38927796fe6a
questions/page_0210.json	question_page	65426	50	820e06ed4ed647e0fc72ea492e24ec5edb618873485db74bcb552f451318c7e2
questions/page_0211.json	question_page	88577	50	3e5a7e26fd1a51a22ea9e00febd1a1fed6d0ea3cd1115ea532c3c16c45473f87
questions/page_0212.json	question_page	91039	50	1e5a544bfc363e9df140b5329e2e8b1679de0daf821c24741bca3da635a50d7d
questions/page_0213.json	question_page	72243	50	1bba781b28398d0a29b334a2c330a0d4dd92c910c79ddd5a95fa8386d5ad4708
questions/page_0214.json	question_page	66093	50	ffb1cae7f9f2a2979c69be87a21629717b4f3c796483ceaa11113a04c19dc123
questions/page_0215.json	question_page	65530	50	40a1f86e54c9d979881d1f7f7f55bd3c784b9f1011d7e0c91a8c40e193c12fbd
questions/page_0216.json	question_page	65259	50	3a45da203232b9bf2b349f38dd04229bc0bcd4503a5fad5638e4472e9b5a1ca2
questions/page_0217.json	question_page	56753	50	9ae4039d236ab224b6a1ba3c49b3f9da20642068c707246eb484b58d7582cf7b
questions/page_0218.json	question_page	70592	50	ea733515e6cd92626881c0161ded2667c0a5e339cd7d83bc057b9b4063c7ee6a
questions/page_0219.json	question_page	94690	50	78055c57c0aa1696aa20b961e676cfe57ef9d6a20af7b9c284482176b17c3653
questions/page_0220.json	question_page	88937	50	97f5541ce1cf134036462c2e7271b4723429975cb0856adfb336bf1b9a0513f3
questions/page_0221.json	question_page	97704	50	b3a5ac227ccc1a03712b2ad69a3596dba03ed16d8877d93e8a8e513ea7431446
questions/page_0222.json	question_page	53998	50	482d4d079bb562079900a575811f7e11d2c6ef907ac5bed08681017ab19a1e76
questions/page_0223.json	question_page	67568	50	7f17db7a33d87a034d94825824ceab06b321b83b65ac40ed505aedd377c94046
questions/page_0224.json	question_page	60892	50	fea33295ddb5985f387c777c22a0407c6c4b8366be90035c381a211ad04f7e6f
questions/page_0225.json	question_page	46691	50	c2b0b7cbe116183a641f86c896c446c55f302dec2575c004e3abeffbeee4d5a4
questions/page_0226.json	question_page	77946	50	9331c3d52c85d99b8293af29ceb578418fe98d7b65ee8ac00898212235978ec1
questions/page_0227.json	question_page	62632	50	8fce0c8c4651a4f750a987267be1ecfe1d601f7b28ded5b6ec764c8ce7375981
questions/page_0228.json	question_page	57593	50	9631d3d7df38686577bfd3f33474ad62014014aa4b7b3fff571161032100ac26
questions/page_0229.json	question_page	40480	50	46a5eb6b5e8409b91e1816f0e9a5321cf89e4776cb2757a203c0dce1f52c7505
questions/page_0230.json	question_page	65011	50	2dccecef5802b560e5ba466b80287e48c3f923835ff1a6367e8d7e34ae29e5d4
questions/page_0231.json	question_page	68781	50	220ff691ba34801f9eefb4ae2172bdfa19fd700c7c9281b8f4e2ce341c742beb
questions/page_0232.json	question_page	94619	50	ae4cbd30dc166f65360f4aa96ac39626338fd5f7d0da22af35514687c6e26910
questions/page_0233.json	question_page	72316	50	96f764788267c8cb99f5333b9223258986e9b736805746f12c7872e54b0bc812
questions/page_0234.json	question_page	82812	50	170176df6d94dbae40e2fef08748e3f4d0709500cd5b9ed2bb9a00810535e4dc
questions/page_0235.json	question_page	91384	50	0bef0378f3768fd59e03ced07ea6e4e4c0d89381ce87ea0f247e69504264a9eb
questions/page_0236.json	question_page	66001	50	0602c8725b35ee355acca29758e550967b8b8c48b34c50166f482b8432a54ffe
questions/page_0237.json	question_page	68381	50	eedf4905d4ce6e3c84292a891f423dd4a2befda99546ffce7f3943cdd75ffaa4
questions/page_0238.json	question_page	79004	50	e3a602b833c605cce894489151317e8a3e6d0e54709c62bee413be6b83eec899
questions/page_0239.json	question_page	84943	50	d2c7b6e909e48c935ae88710c8173fe1f182fc2a8725d9080a38fad5f565455b
questions/page_0240.json	question_page	97851	50	b339933c5ba29cdf5de35285665136ba33c54ae2b217c2e43ba300040740fc63
questions/page_0241.json	question_page	100565	50	3d9188f50e984e99ff1dcaabe181f0e5972ef534813ce9a0fbebaa1678c90072
questions/page_0242.json	question_page	75010	50	af0c514ad23395d1ba9140c41ffe94ca7e5dace56fb76ab8e01be7217f93d94a
questions/page_0243.json	question_page	76246	50	d361260b4019b5136a999ddc2a769317801bab8616c864801a646ea466302318
questions/page_0244.json	question_page	70807	50	cdb3440afcc04077c2013961ce02a5e2ff3f38ddd1d61b2be10f94524b4a9241
questions/page_0245.json	question_page	67475	50	589c6fccfd9028cac3a73e1cec0e0687b36880ea33f82ad014d370adc47c1058
questions/page_0246.json	question_page	51223	50	7121ab3313e78b18b5c045f349bcfb416c471f108486d8d1b7fb076c7a911c24
questions/page_0247.json	question_page	53037	50	a4a615cc660add4d8b6b7ce890c1f7da54d10facba26c6360c4a621ecfd802e2
questions/page_0248.json	question_page	52833	50	07a2ec403fbeb9bdebc1789bd9e2e9ee4bb5b5607dfaa5d2ee325704b9ae815a
questions/page_0249.json	question_page	52769	50	4f63b8a452ef62fb65cd0864fdea5d247fd1fc57f885743da09a3addc75309b2
questions/page_0250.json	question_page	74338	50	038bf433f743ddb96aa8b702deb1899d20a99fdb2a23de716fb9384242ed3894
questions/page_0251.json	question_page	76237	50	7fa64f0e6dd14c81094bbf79db32e835f65cb8a09a5373dc5a0691a1d78e3a80
questions/page_0252.json	question_page	75997	50	68025050e548e04955538a8dedc3e54c67718f96b01f42ca96e177761790abe9
questions/page_0253.json	question_page	84781	50	465b7d81c5d1e1aa075b27bf0ed001fd33893e464e475762f91189db4b4428c3
questions/page_0254.json	question_page	55983	50	615ecf622672b41992e4e31008a7365c5f61d130f4b5dc2a688730be49a7d420
questions/page_0255.json	question_page	61399	50	49d40aa05a3c60ef8cc8870ba4bd587c464afa99c420aae8ce8940159e703af6
questions/page_0256.json	question_page	93686	50	8bfe8bc7d75c5b845b769946eae072ff0b55a763393b570c55cb1d0af7444827
questions/page_0257.json	question_page	54725	50	ad4791e03fac78ea60b47f714b704000924507acf24a7e342969b487625a9816
questions/page_0258.json	question_page	65099	50	91b9f39d62847a1feb607f1bf4773abce67dcb9efbdec6da50467ffbe64e64b6
questions/page_0259.json	question_page	43364	50	51d7fd329c31f92a640bd30859307fa6b17f502d2f65ca40e7adc8faafbe206d
questions/page_0260.json	question_page	41879	50	dcbd6b0e5e7221793a9fde1c555c973106f32db27a3101376693662b69ea9d76
questions/page_0261.json	question_page	41407	50	4704679251735c97b5478db09f0fa62abd41c70f1ebfef7b448f1bc5d2697a95
questions/page_0262.json	question_page	61053	50	7f5773b500128e324eca613d3c9cbfc40eb00b471ed04441f993fc492d9d2e8e
questions/page_0263.json	question_page	80651	50	d984a04bdac589f7c83548ee33a6f528f827f0ff91ca0ba059c49df60f1a61e8
questions/page_0264.json	question_page	67183	50	8af5c6969fbd9853cc063f202b8ce7fcf9b00eef8a3ed629f180e82b5aeafae9
questions/page_0265.json	question_page	63077	50	e21de2f3df6a165413c3b9eed1987b20a21d8c70dc94fa1f987704759189210f
questions/page_0266.json	question_page	83402	50	d460c47ad4e5cee60c9f2e8fa904b041f6ea19a0a7e99b459275aaf4353ff10d
questions/page_0267.json	question_page	128626	50	8f4e5d3f3d031948439d8abf2334e643c535c3bfaf4e906a04d4a5cd3c90aff2
questions/page_0268.json	question_page	105600	50	5e6e139e3fa6b2dda3526aadd8f4934a08aaff591fa730d8291763e957c62ee9
questions/page_0269.json	question_page	113678	50	79dca88918959951de036db3844d7743012f2e56ed895c10a79c35717b2519b2
questions/page_0270.json	question_page	128083	50	9e3a59418b3a4a93c5fda5ceaeab884e956310d15be224023fa59c9146c6753d
questions/page_0271.json	question_page	83399	50	e474b020ea7f4c51f946a583a8231c9f889504e9e796da2db4d66e8a3a7a842b
questions/page_0272.json	question_page	129366	50	00ee0fc23abae210d60ad6a04d7c6540a9b60969ffc9879c03489174f5b5fbfc
questions/page_0273.json	question_page	122364	50	9d030f9e5522e111cfd65d5c566ae77ee89d12d0d3272b393d29c67e4172b0cb
questions/page_0274.json	question_page	81295	50	aa166984f7504f5aeee95a9cc31c8af18fa9f087906b157796e4b0ab2b508b76
questions/page_0275.json	question_page	93778	50	ed7f9f940d230f79463d2724ff8daebb4138ecdcebc7db0d6f62fd00a5a88d67
questions/page_0276.json	question_page	54531	50	2f95cb233af4b4f7c83e57b9a81d4196cce79f5876dba233beddf7cca118fc95
questions/page_0277.json	question_page	123581	50	9f675595f0511370084977c0cba83609782dbb41f6cc6a3b58d9c62c766b165a
questions/page_0278.json	question_page	122785	50	717ef6b0fec7eb5e82f2ed34c413d0cc80e5f20f33a96bbe73a661e575c53697
questions/page_0279.json	question_page	131055	50	0108d359fe4897cfdfe8aca8d820b6cd8ac35bf8ae6511d55ed529fe4b1aee2d
questions/page_0280.json	question_page	73519	50	42b446f21bb2b81cc53bd12e85e68ca1ebe60ca311b9cf104bdf39b96ccb3e75
questions/page_0281.json	question_page	62686	50	e5ba961d3eb5edbfde155eceaee0c24c28571f5e8ac09744b7a2e0ad4b89ebd2
questions/page_0282.json	question_page	71859	50	b92614e6e9f01d09c74aa57eb4b3b936531d9702df39440318bb7020605155c1
questions/page_0283.json	question_page	66050	50	0b3917bc3aaacbe6f32e84caa3a79778117153be74d8ef6e744c3105098d8141
questions/page_0284.json	question_page	54439	50	ca7decb03aa51427261a37e6f65bb0e8116b37d6c14f6cdd6c42582d0f144d2a
questions/page_0285.json	question_page	45334	50	dc0acccbf5e43a1d6d2309c24b441c9bf534f28aca453156970d4f53f1ac8d1d
questions/page_0286.json	question_page	74306	50	b07a0de9964547daf624258a05aef1bb9b11047c77403c827cade72b46d28ef5
questions/page_0287.json	question_page	57527	50	43a202c90ad2aa1bf0680b9b35d7c2d5243b1dde86c65533f5e4ceef76037b75
questions/page_0288.json	question_page	60577	50	745a2c6b767d8ed93793052ceacf98c1f11eb0b4a7232a6f9c2fd2854f8e71af
questions/page_0289.json	question_page	55653	50	a83b50073afeb7a891ee0d33066ef17f57734d7acf3156d27cb4670d3c5e7510
questions/page_0290.json	question_page	78602	50	3bc074a96d51a54dbbba0dd081748abfe6bb57ef07bb65ba63ae99ad429bb26d
questions/page_0291.json	question_page	83843	50	0b9dec5c22458a78b94889b15c127730da75fb9369ed8f7a9d98f4c340d3165e
questions/page_0292.json	question_page	69657	50	1842be011eecd8028adbf108cde8aaee19c3e39f0024ecb89574f74df6447e06
questions/page_0293.json	question_page	71208	50	e31f7b96e1e064b20794f6d0e6e3a56213a27e2ac0e32ffc45d689deb6274603
questions/page_0294.json	question_page	63305	50	0520657e346e9ef91e045c736d4b1ede52b3fd7b0c7c335a890554e3f55b29c4
questions/page_0295.json	question_page	55986	50	5de77896742b8e1cf83f4c969f94e00931cf0e47ab985ee54d205ecb3554962b
questions/page_0296.json	question_page	79172	50	e2d7e4a7b271bbb1c123160cb4a0dc5a13ad3771230e4cb0d0a5c6ca6420f0c2
questions/page_0297.json	question_page	36641	50	6795faf85104e4837ca55702ea172288afad7d6e80a353a79b6c5b8935b46c10
questions/page_0298.json	question_page	39226	50	12cb3b3f241c9b0f4edfdd6c7264b2937b1e96d6d91fe882d7ab36b31b66609e
questions/page_0299.json	question_page	91940	50	56bdc977ad16787b83207ea06dbc455b22e7db15edc2cf084f68b5a901290a4e
questions/page_0300.json	question_page	103707	50	a8a46d5b4be40e0c9c12f8c1a74d203fe66d1435022d76e0ebc104f027b8edf9
questions/page_0301.json	question_page	82298	50	95aff37c868354270213d682b4206cae48ba3d04be3f98e9242c573efbf6f30d
questions/page_0302.json	question_page	92750	50	ffa2b488ede0fa49751a8c884eb93b9f641a7bad3301b35eaf1ab75e6acb08ca
questions/page_0303.json	question_page	81491	50	2081ad2e83dc44d903b4fbe53c1378157d3f182bf24caac3cc7e85b8a33bae6e
questions/page_0304.json	question_page	92631	50	f73132245e5dffaaffd9ca189fa2a6e1cc4e31df4c8a9354084250f014e69a23
questions/page_0305.json	question_page	73748	50	bef829ea5abbd7a9b28bbf7daba4fbfed6dbd50d4c42e8a69faeb53cca4d8b37
questions/page_0306.json	question_page	64226	50	29e2c39e2a8d04de6f359a3faa7f781018fdc052393cca17b394022d70860ec0
questions/page_0307.json	question_page	74363	50	c3083b6e21a622b08911083633fb088925d716f3e14842fa50e14cb7f1ea5e00
questions/page_0308.json	question_page	65523	50	ec80d58da410b12b84f39eac40bc9bc32f590a1ecf0023c06bda4aea6ab96efc
questions/page_0309.json	question_page	66941	50	13f01b752b6e00585ca7e2968812a11759c3d2dae7b88f6d0b10b2eba0e4553d
questions/page_0310.json	question_page	87423	50	bd8950018be80476548e06ba2cd8ba5c5eae33c5c73bf74ff67e1ea2c6490da6
questions/page_0311.json	question_page	86829	50	825923b2143a227abeb5cc5c380e0fb0ab4c747ed3b28764550e28e39306f4c9
questions/page_0312.json	question_page	72531	50	07f8911e977c49dbc7845114726c24c1c6feab247fb94e832b6f87b92e5ac698
questions/page_0313.json	question_page	72253	50	a14a3be2114b9d301647b9b8666378ec2471c8f81622494c44c7a35704a4c700
questions/page_0314.json	question_page	87763	50	894d2d6cb9a911754acd1759215cad3784e7c7980fd082f9d437e3fb73a46afa
questions/page_0315.json	question_page	93263	50	72df0bad8bc582832140a7a49b01cc1813474215a059ee80ef74fe80075ee181
questions/page_0316.json	question_page	92584	50	205a6be710a639582a310f0474d739cf4c724d87df819f970d5f363e77089fac
questions/page_0317.json	question_page	85692	50	a0c5ab269fc543099191cdfab15f2b257f81fffa03d7a4da3290d5a39e3c992f
questions/page_0318.json	question_page	67239	50	d2c433cd0453fbcf7ca26db465b5095dff7bbfc29c2073abff019d2ddb4756ec
questions/page_0319.json	question_page	63830	50	33610683d829524088ea8fbabbc6b6dadb7b57d932ecf5f816508eaf256dd59d
questions/page_0320.json	question_page	58621	50	637919deb65fb7eff1ef9a7858faa81143a83242b71152054000ec8471eba682
questions/page_0321.json	question_page	77085	50	6ea443b301ceaa4062b8f0824724430b2677f192268a6569f7a5dab19ab6d041
questions/page_0322.json	question_page	80698	50	582b2f212c2d5b18a1d479241d1108a8184b220b3ce52229e26ae1107abd4bba
questions/page_0323.json	question_page	87554	50	ca6c1db4662878f9912346961792722682555481b3530fa53b55ce232a13ba1f
questions/page_0324.json	question_page	56153	50	6fb4c0e8952a0ffa33ff70067211447292dfabf3cfe1b54482b88003caf1d2a6
questions/page_0325.json	question_page	46872	50	5ea6fd1d77882eb411c7d93a5679df9fe96fe9abb005cc51f9b47156b73c2ec8
questions/page_0326.json	question_page	59708	50	908dea55f2254e5a932d72dd34abca18193003e13d98822190cf4c5ba649dd16
questions/page_0327.json	question_page	64516	50	0aa4bb0813d5372756c7ff9ca7da83c8bb5a21445676a4b0732c7dd1b9b66866
questions/page_0328.json	question_page	63425	50	5c390693750f9f805d55657ab929ab66cc11e4423cc3a00b0df2b2a9c5c47170
questions/page_0329.json	question_page	56700	50	7dc44edccfa3753f36f9e1dc4eb9143af007e6b40cbfa97b6098703b591c77db
questions/page_0330.json	question_page	61375	50	c5ed70e0dbf50858d6ced6bbaa9b98384505bfe34e3332f25a4ab9ea6c57e2a3
questions/page_0331.json	question_page	115151	50	bcf42bf244568a824bb99b030efae1cf597e8e1d52f4887799ccb443fc18a6df
questions/page_0332.json	question_page	211005	50	5217112ac4d7f73793c4c65df064ed90175423d89205d9fe73f843e7d9c2b432
questions/page_0333.json	question_page	446938	50	07821e988ad15294beb7ecbf031bc93dccedd58b3b99be9c328effc88ca212bb
questions/page_0334.json	question_page	48372	50	978a88fc92e168a2dc9af88a88dac00612588dba1e1233eef6c7faadf5f3f7cb
questions/page_0335.json	question_page	46100	50	d50399cfbe39f007129e17b3e0d77f01717c538b548cecd245c997d526f345ce
questions/page_0336.json	question_page	63574	50	f85bd57119fe0cf94bf155ae2715b0c2dc9cafd55e450cc02eff2d160f88f19c
questions/page_0337.json	question_page	76337	50	a93b2f9499aebf210c5b4345fb5d1831b0ce5a95cf202a963aac9786741909ff
questions/page_0338.json	question_page	38858	50	53645b3dc2a700682af392883e8782d8bd798e79fe094fedbb953f6d2df5f933
questions/page_0339.json	question_page	44741	50	76cf1a877ed974c7e7e834b3632fc5b96f5901e3b6821107967638a86e3159ec
questions/page_0340.json	question_page	66236	50	8c27242929ee5e0aaa9049a4455fdfe7b6220092726b7929ad50e487ef229d7a
questions/page_0341.json	question_page	62733	50	75ea781221b6c99254af18bf08cf2bfc5b919c9a7422c71d5174f7d3ae83f749
questions/page_0342.json	question_page	100064	50	21f50684ca45d64a276be2904a628550b8f4ca2f91fc98d203f472c63d84a234
questions/page_0343.json	question_page	98808	50	a5c1fd32667f76e194bbeb776757dbd8f9f495d7598b0f65101fd5f245aed801
questions/page_0344.json	question_page	81228	50	f5e784bbdd6133b3c53430149d2f377363706cc1a059319bcd4bcc2ff0e5998c
questions/page_0345.json	question_page	92009	50	4d47d551f7794aa515b35aa37af20969dab4c390111720898b6a8a0987d16d56
questions/page_0346.json	question_page	91914	50	3b3a99f2d24e57f6e30b589c058c361e35fda990676312935218cc49a7641d90
questions/page_0347.json	question_page	91311	50	bc6fae9f03d487dacbcdbdd21ca2df69c2d079de4d13037e592853129eac5f72
questions/page_0348.json	question_page	91326	50	e4dc1511e6213c223d56b8bb6630da84c8541a3409f9e456a4d389888fd0c358
questions/page_0349.json	question_page	91601	50	9c9801d764986abbe19464d88f3aba5f4c5bb8b2a9fc5e9e8b8cf630c398c1d6
questions/page_0350.json	question_page	76914	50	8dfc93116b34f41f6ddf0a1438202d4b342075278d1764026a9ffd81abbc0c4c
questions/page_0351.json	question_page	53641	50	7e08aba049c6c861518d8097dc7accf023cde47baf086d0d9c78c4c93f34b13d
questions/page_0352.json	question_page	75795	50	872b034ca1253305f34652248d51ffa95e4ba283301f790080581b5844b820ae
questions/page_0353.json	question_page	90232	50	2b1b0e3a8219e9b9fc01fa16785f21ab012a6e693e4c6fa38e7641f83416740b
questions/page_0354.json	question_page	90984	50	458c521a348c5834e6fe22e9744d5ea478287fc15eb2eeefe58a2b66ecafb9cf
questions/page_0355.json	question_page	83271	50	9237cba9110a9ffd920bce50aecf5977c741dca4ec13e92ecade749e7178227d
questions/page_0356.json	question_page	93900	50	8227cbf1b475adafbcd741279488515d0ec798ee6e47613f77c68668de05f71e
questions/page_0357.json	question_page	48995	50	78a550e74880b55ae438fbc349bb3f223e06cc8ee2c2c7eae6d55adaeb7142c4
questions/page_0358.json	question_page	43814	50	a426d22b6ea7354ff05c44c11ee3299f50d78a6247e4b5f0f242c2290841320f
questions/page_0359.json	question_page	46859	50	cf4f22bd3dd647013c9c299f7b01578d4397a5d3a32386f817a14041728e8123
questions/page_0360.json	question_page	82679	50	96450aa5415a28ee828e787444e3e12ffc170a90479963b2c50a8f9b54083f1a
questions/page_0361.json	question_page	97581	50	885312e3d15d610f37f641854d1a6c30a77d456398c1e8b13e7d1500a26db9e2
questions/page_0362.json	question_page	87461	50	ca5bacce7aad5720d470d5d5f036b324fbe50561d3e1536d76b81eb08197cc2f
questions/page_0363.json	question_page	78527	50	e13f5e905824cc31640866b2b43af04da00688308c2f4aea78dac810f83847a4
questions/page_0364.json	question_page	93743	50	f94d0d0b22a683dd1cf8e12aaa55ea6a6f46d0584211a4908695310151a3589a
questions/page_0365.json	question_page	81352	50	2779d12c22fcaf44e3ae35eaca6b9f22060db217110de57c4c27597b1cf4dacf
questions/page_0366.json	question_page	90548	50	9490b1737ec454c685d1755ffc9e2b502ba0967cb44afc29f5ba2932372141bd
questions/page_0367.json	question_page	72479	50	e193587b49f8df7b12025d32add5dfd27fb2a05d96345ce35b186c071f38a26f
questions/page_0368.json	question_page	71063	50	4ade4718a149fc94f5292b8cf07efa9b7dc922297cdc0c469798db0187840a11
questions/page_0369.json	question_page	87230	50	e018bd41f81c532d41ea8ffba9f0bb98a4d3ffdb3eaed56a87afe34062f5b702
questions/page_0370.json	question_page	65010	50	4ecb07410cc143d71505a67c683f8925d183cc0ed4e16a76819139a743ce9af4
questions/page_0371.json	question_page	51738	50	4f4cbf58fc19a73517792c4a67833249b29f1aa87cfb784a47f3c3d7cb15a37e
questions/page_0372.json	question_page	38618	50	89bf4477bf227e2cf0a0ecee46a48c0bd5c5648c8b144a8931e6aa8f66652a6e
questions/page_0373.json	question_page	60137	50	741f3a901bb8e9e5d86ab049f4b30469a661a8685784cdb032c7ff90fef74861
questions/page_0374.json	question_page	51497	50	7881accec093c7092351613fb292919a4cf862937db63ec538211af86553bd00
questions/page_0375.json	question_page	51773	50	1ae8ad2e73f604c88061f497be1f0ab05adc7308dd633f78813654e39198e145
questions/page_0376.json	question_page	55288	50	bfc06efc0ac1f1eb133c0a49ee6193003c696a24c10020c0aae1e00bdd7eaae1
questions/page_0377.json	question_page	56052	50	d5af7cc0423de4cbfb2107766429b50f242bd3083486b6f333e1b6073908caad
questions/page_0378.json	question_page	82860	50	ff83c03da08cb445222f07f1aec0cd32d6e66f30d1a14eae644dfc8103d405f1
questions/page_0379.json	question_page	101160	50	76b980466f31f3d921a0bcbae9c5ae1d19ace61f8d33f9999f468e66ddb28212
questions/page_0380.json	question_page	90055	50	ad538497645a048e66c9c1c3ba2c631790422fdd5f473b2b960476ea40f1f62e
questions/page_0381.json	question_page	92506	50	e15cc02f995700e4ed56cce79770ef51886119199566bcd97ce46d22ade11e14
questions/page_0382.json	question_page	73925	50	d6e309cdb091e9d840ac70856a4e47f993d68f0e061772c70614f165b9383034
questions/page_0383.json	question_page	83503	50	d262e649b71dd7be869256d825460b5e45ab4a335e8362417a77a6925d5e9dda
questions/page_0384.json	question_page	47018	50	5d56280e4e10525e34af2a992ee7ca6f7ca9012d6e41724409c6ec66edad92d0
questions/page_0385.json	question_page	74740	50	57516ec49395bf03bf3a7057ecc9520fc3cb03907ab7a6d4d023daa01ba933fb
questions/page_0386.json	question_page	82962	50	8870528d5fbc650b7e45921b3c1950f17c985e459cefd220758c8dba820f965a
questions/page_0387.json	question_page	74105	50	c2921a598f36c78f7063aee65650e00e327fc5dbcad3d72909b1916c1a5e9deb
questions/page_0388.json	question_page	87709	50	00c154ef6093780e664709279444efdd84ed29d64f115003b494d9f113317d7a
questions/page_0389.json	question_page	72844	50	f11051daa6483383a3f2403be980afec221c7d140db505bbf4066167c08bcda1
questions/page_0390.json	question_page	90738	50	491b8753088f6d5b2831b912c57830288efbb2bfd9459c80e96c762f15276869
questions/page_0391.json	question_page	73018	50	ccd426282de0c79dd0e156a18c893badb3463be90abbf1b777e6c1fe030420d8
questions/page_0392.json	question_page	71859	50	a4f48e6887b4d661af757d4bcc2588769664df2286295478f57fee78adabfd1b
questions/page_0393.json	question_page	60036	50	ab876e351b01a5257c41be79b2e2c72bf6ca5cd96fb6521362b2ae5ce697863d
questions/page_0394.json	question_page	51896	50	64ab8c5015eb1c0fd01d991f80a6a67419b89e8974afe4def731e3ab48935890
questions/page_0395.json	question_page	85369	50	96c09bd991f9db7ab7af758d7038cd16ea3dd8b0f2af003872d291cd3b0316e2
questions/page_0396.json	question_page	62691	50	5a2c5061eeb1c933674a053ac6bcdf1d648174d7ecbc7e8a6e666ac2a110e758
questions/page_0397.json	question_page	60917	50	8257cbdd8abf6bcdba45de14802e7176c68194a49e66d64a6e858ea83cb8e845
questions/page_0398.json	question_page	81652	50	a9c7f07bae9865ea88c1cab3df9606e1126732b8f621954e3e0bfcf9f52da37d
questions/page_0399.json	question_page	123668	50	f106defe8b9c067c881676bb850384dee99cd315a3748270e80b9b552636e7d0
questions/page_0400.json	question_page	91901	50	b1401d4fdda00ea8e4446f385b4776c163d882fc9bac0d21bc0fcb13c53e4e79
questions/page_0401.json	question_page	59103	50	493385d09e7df0812532df801b225ea34b1498f2c0aa3f98206460534515427c
questions/page_0402.json	question_page	48437	50	6f0fb05641f9fc277df8ecdf3887cfb50c1b72df54f09b41fab29af417666d2f
questions/page_0403.json	question_page	60057	50	5253f5c0456508d7f4527f8f6acd246f87d312f0a266a5c8d7a3a4e37e00feca
questions/page_0404.json	question_page	56928	50	7c62f05dc1e2ad2d7dc00777af9590ba2d3dc9468037e55b72b8f2e5e9e4ea22
questions/page_0405.json	question_page	62325	50	626020a556bab6878e409049508bda7c5442622574a6e073a2e56683f5e3cf4a
questions/page_0406.json	question_page	34648	50	ee0ed785585493a19bc4439ce302e2f56e632b7d5696d8e28f9c3623ceec6f19
questions/page_0407.json	question_page	45654	50	3909af23846a26e39f06e140a5fb4012adc4f37c33b08369d3404bbcb4d4e9e2
questions/page_0408.json	question_page	56883	50	9b1832c33e4865a3c8673e0dcb2951a78a6df5e2fcc7482d857867140c88e2fb
questions/page_0409.json	question_page	57255	50	3ad49e6d79d68bd5e1a6ca11fe17d3285cbd8151ca0e46361096c615e5eee71f
questions/page_0410.json	question_page	93153	50	ec5215c645571e6189fa602e546e3875a7584a74461b4b8ad4acd4502ec3b6a8
questions/page_0411.json	question_page	103312	50	e4fb400f0185f27aeebb9ab304cdeb5107daabf7731a49f7bc91c048ef0a2e31
questions/page_0412.json	question_page	157626	50	55e03daa66937a1e450ab5d068b707f502c2bface4b4e7a4cacb616f29c679d7
questions/page_0413.json	question_page	123446	50	ff03b75e9d3fb5bdaaf17ce49c2f9729c0277e4195e5861a2ace7d5d0259db05
questions/page_0414.json	question_page	165425	50	d9104d50949b861348990c2702c83a353235b27f22249a5e88a93b2b95247942
questions/page_0415.json	question_page	39286	50	19579dbc7ab349ae22efeb570f5a9a78167d6b73acd1cdd9b74773d2f92b4be7
questions/page_0416.json	question_page	50838	50	97ddf4f6f550a7a161041e465ce84b3a9b776a0c2d78fdf4a46ceaf076e96494
questions/page_0417.json	question_page	62056	50	4adeff1d6f9a07dc8b8616a9f38112dfd83aa5443e3d6e681b2a84b980481bd4
questions/page_0418.json	question_page	69642	50	68cb84d5b802ef5c63fecfdf6cb9194eb5e4830bfd86116452bff7442464c6f4
questions/page_0419.json	question_page	124374	50	4e907e5cc818b4a2461576bfc762c6fe0e6b2ba470acc264a67bda6919935a66
questions/page_0420.json	question_page	83311	50	4b24f7c4939100b3fc81aca960af1694511727931b839c647511f12b5154780d
questions/page_0421.json	question_page	84877	50	e8e497c3df7535700bfa346b90a4621a496798eb046e2b95b973a7ff6d6ac5cc
questions/page_0422.json	question_page	95013	50	0ac93beb7f9ab2d68a6c30b77e10d9b0379a8133729471e1b892a6cd9d27eab7
questions/page_0423.json	question_page	96088	50	a5a17a90e23393919be1bab8a906e1c4cf9184bcfaaa652a9d8acdcddacc1e4b
questions/page_0424.json	question_page	96009	50	2670e83e177af1afd02ca4dbc10792f26eaaa4b1e443515302c0a0cd11206901
questions/page_0425.json	question_page	96924	50	69d0ed7b1bd1feb47fab3fe481e1e03498d3be2132eadba22bcdb9529ec1fca5
questions/page_0426.json	question_page	87247	50	ea9d440dbeed30f800a224180591e57b13774c540e985e1cdeea03b90802ff7f
questions/page_0427.json	question_page	95402	50	e9cdd58e1ba2a85e487aa024eaeedc365a7a30ccd6f51eee6d05c9dee72efddf
questions/page_0428.json	question_page	88559	50	3f1c9caad186734ff1729055464db93ba3bd007f627399025390a8158d65c49a
questions/page_0429.json	question_page	77586	50	6bcad96e1ba4ecc6f0364393b04cc3d33557cde30af02a91bd7ae7ef395ba91e
questions/page_0430.json	question_page	88388	50	e701d2aa8342cd4615980c745a4517d0cbb10c9836ccb528c6bc97944c543d57
questions/page_0431.json	question_page	71601	50	c757e5d859d3f3e6917cd0a6be7a02793da25ffd7aa6870f5ce9ab90f7756c9a
questions/page_0432.json	question_page	93298	50	9ea81fcd8bc1206fb559772d03ec95c1a35103a4c8e2b72a887a164d5f4acfeb
questions/page_0433.json	question_page	85578	50	48c31821c43d1a072afe468d05df870988cc1a380d67b3192be976886ef75252
questions/page_0434.json	question_page	51811	50	b94431b02dc71736df57efc7df74cbef73256b5afb91b20376ae5635f868870a
questions/page_0435.json	question_page	76820	50	f9efc055ab2b281d7b3c71598c1e35f7c47690f213f2d608df23fc1de31a3247
questions/page_0436.json	question_page	80927	50	ce307a9ae7c79773647f2c716078cbb06ff20b52029f192a7c5b9ca12ce892c5
questions/page_0437.json	question_page	45681	50	6c1020b484ca3c2f6f9e0967b67a74326928b76bff009be8de45b349fbb48f6c
questions/page_0438.json	question_page	54598	50	93635bb68e8af6a4622540124cf109e593c271148ab142b478ce8bc3bcb9665a
questions/page_0439.json	question_page	45819	50	42de6fe03db7341440405768326a3450be4653442c8122c92983aa0da4acbe9e
questions/page_0440.json	question_page	81403	50	064c9bb30730a2bfbde0ca8dedf881c876b20c39715a52d592cf0717771054ac
questions/page_0441.json	question_page	117231	50	493df15bd4c070c829be6626333c2c24e5805acd66ac30bd4b28b63f300012eb
questions/page_0442.json	question_page	70483	50	8f2233969e78b50d27dea0f9d1f1a6e16d94b62fc1eba8d9d359ce991cbc8ee4
questions/page_0443.json	question_page	48429	50	04bd6836890f708d14ec1edb30eb56ddf0ca18355494649fe78404d11957b9c0
questions/page_0444.json	question_page	46275	50	2eb938197c82d452bc3b606d46f578cf1745d50d1f59be52e647c329b4d35e65
questions/page_0445.json	question_page	79907	50	b3d3e4bc9e93a68efaa85dca8abe54d6147ab1f379963d7b441f447016a7c9d6
questions/page_0446.json	question_page	90815	50	a934b12844d1fdfe1ef20cb8f1ea45a2d53a301ab636527ff1a3408ae8461fb0
questions/page_0447.json	question_page	99708	50	3dd2b423ce717f44bb8b282245975cd740a13f13b6589f7222a92e3a1dec617e
questions/page_0448.json	question_page	89280	50	1c03ab39fc1ba2678f4905b68f1e3c6860f3c810997d393ac0421aad04428c34
questions/page_0449.json	question_page	110876	50	5fd0db2d71a0c0e7f86b68d4ba677496e90711c5a6fe9ba0558410fb00f02e72
questions/page_0450.json	question_page	89348	50	dac5216fdfe6b8d02e6a44cb9a5b4fde20ff78502d82bc449d53daacabbe6002
questions/page_0451.json	question_page	95799	50	00c7709c29e98bddfc135178b4e8d8f0f326080cfc21f806fc4404d65d9c7200
questions/page_0452.json	question_page	86925	50	5637f8e33fbe7e84dedd9157678f4084664a797379ff03f78d744f95055b1548
questions/page_0453.json	question_page	59432	50	79b9cf869d4e56dd721f9e7a7902a7beaabaf7ee4ecb3cb22a8fae758b80cf0b
questions/page_0454.json	question_page	58850	50	598310ccc1c7a4df9246c47b8439a3be0a827dfcb1d0266bdf592aef25ccbc5f
questions/page_0455.json	question_page	82776	50	bdb05c6de551e4721c9c20f1b811048752bc01af5b3e67615e8c09f220171c54
questions/page_0456.json	question_page	78848	50	1ecda2898a67c423bf0ddb9bcf4b2923f3edcbc564f750939554ae408a50e458
questions/page_0457.json	question_page	82949	50	c2b1afa4c8633fa31dba5596ed8a0c7b28dbcd230665554cf1359c9004402bb0
questions/page_0458.json	question_page	63350	50	b4195fb39cf667882a1b9a770a419a53cc56829bb0a7bd9df0f1b32e18895403
questions/page_0459.json	question_page	48704	50	55d6462892d35a46685a56167d1dad2c65828d1dcdc3bbbcf486c3b175555be9
questions/page_0460.json	question_page	84462	50	642c99b4a1ae0280e702022d0a8ed278f1981303d06e2ff8713cc0d3b643b8ec
questions/page_0461.json	question_page	74589	50	5722b8c5f7b0be169302ea0b8b9009818365e76375ac819f01538ec24dce338b
questions/page_0462.json	question_page	61262	50	e0c35a0411d0a26c88839667c2a97532f6fbefedc3cccc18396b386e5f4c4b70
questions/page_0463.json	question_page	47777	50	b523428f5c1e3f4a86437a4031ebc93da7a2fa44212d48120129f46e89ee05d9
questions/page_0464.json	question_page	64843	50	c42d654e1f2dd8e4c7952ab17e4b6c47d5ffd6732b6e69b129660984aac6fcdf
questions/page_0465.json	question_page	79804	50	699ea26235644c73d9cbb2220916b537b6b08122eb1d83f406f6b934afadb0c9
questions/page_0466.json	question_page	72368	50	ed203231e5cc729f9ad7db2233cb4f41c8702b175104cd20176bb79bb6939788
questions/page_0467.json	question_page	74985	50	6d226f7041d4a680a3e155cc3666be4b27b5be4402705462d1bd2d15e536b35e
questions/page_0468.json	question_page	52503	50	fd26310f0164e05f0fc39c4dea74d3663d21a5eee2561217d83f7046e26be2a0
questions/page_0469.json	question_page	85769	50	ac042671c2cc237c56a38f42387f39ae809fc7bc5ddd412f1f8cb1a5592cc1fd
questions/page_0470.json	question_page	72868	50	3c43a50a77593520bac02d6165678e89749db5f8442775f82d476917358df643
questions/page_0471.json	question_page	75861	50	0fe69487a557d5ff19c0bffc5810e9d247b74a00eb0d5eb469e53cb78d4485ee
questions/page_0472.json	question_page	56503	50	06335224805ff04385f83eff5989bd78587ee4c058b739d1654de32ec5082c5e
questions/page_0473.json	question_page	58057	50	38dd8a1436a80b251da008580cd384a6a4dfa20352b2579f3a4c260ee42067cc
questions/page_0474.json	question_page	74321	50	91bd508b16b8cd86ed38ef1a767ce779d6d1b06de078e1ba5e02c719553505f4
questions/page_0475.json	question_page	75889	50	76169c8263a13b3d973c5723b30633dc3aa464d0bd8a294e3dbfeb2e43410a8a
questions/page_0476.json	question_page	33638	50	f70dc5a74c78e59a90df66a2ffb89cef6c356ba4c4e54dbb05d050cfd87f6b77
questions/page_0477.json	question_page	48105	50	4fb7758f0353a3a2a31dc8b16078cbabf73700ad31d1ad7d5e2f01561f68bee0
questions/page_0478.json	question_page	50209	50	2618dc2bf7230622864e28bb3d7d92ae4636caa34b0b65d5eaed8199319cc95a
questions/page_0479.json	question_page	47816	50	90ac2bc450fc349573f2400fa3cf9d45fb998516a022581183fa29d0dfd34cfd
questions/page_0480.json	question_page	60350	50	fec841b220af8ee71ccfb254f26a26a74e90b1360eab47e88e32ba2138102924
questions/page_0481.json	question_page	53170	50	12c883887d4e75a474cfb738bcaf674401837afc50b7e5b34d18930009545f33
questions/page_0482.json	question_page	63356	50	6c1cf779817e6da10717cbe34798aafaaaec298338e908e144e20231dc747c55
questions/page_0483.json	question_page	68311	50	1444810d74a96424551fe6c21deb1113c6c8b2ae8b925d6d18dbeb8fa462e484
questions/page_0484.json	question_page	70961	50	9e94e54093fa58127a9c32a36f793d3c0615d1be0816e6a15042c6b6cd394211
questions/page_0485.json	question_page	68346	50	b3573aa03ebb962773d48f32555e349e3734c2ac6e4de010b85c94607f0884f8
questions/page_0486.json	question_page	90712	50	15c18383c19ff8776d3837a049747cbec7a4801215475cad70ef32e579ff838e
questions/page_0487.json	question_page	80852	50	6d437621566bb2b4cacb71db26ebeb52546dc1c2024cd2245cc95140082a7783
questions/page_0488.json	question_page	65203	50	acdd114a09c2adb9b8d54ef3508321598ef1b10cd86a0606d7367faaa3b3b393
questions/page_0489.json	question_page	98230	50	324c7bd3ac2cc5af09008505f9eb99222811a06199f1b30e148da4546be70192
questions/page_0490.json	question_page	130269	50	87c8ab1cda672c48887af023222af4b75ecd6f21ba353585ec9dc4c2e92d3133
questions/page_0491.json	question_page	225116	50	c196822ce3e6c305ffccd598e9b7e3097ad6a18fb111b5e38c0a7fc5f2d93292
questions/page_0492.json	question_page	93091	50	d0afd9346124eea1d3e42de70299b6db551f8f05fe0841089c52746bc502f014
questions/page_0493.json	question_page	93836	50	0c926799e3910b9bbdbd57f526803da93be36777ab7ff73295ac811ab1128339
questions/page_0494.json	question_page	53559	50	c85adad180cb8e7ec75f4ffb19f81e6781d907102e278eb5627957f3c96154f7
questions/page_0495.json	question_page	65839	50	5b99c4e8bd5fd8faf4cbc552f81ceaff2b9823439cca4e6af4b85a013dc10097
questions/page_0496.json	question_page	47541	50	d0849f48509ba2fe8de73a247658cf066ea28e92095406d1857271eb54127ea7
questions/page_0497.json	question_page	43331	50	74955afcdb7ec59fafb8930785b2735a8dfdb4b6eccf39de89c1799fe90d94e1
questions/page_0498.json	question_page	84494	50	892a834941e494db3b45df24d896a2e4cd1465f10f9adca2ac79038aaa87f602
questions/page_0499.json	question_page	85570	50	416e454047782875cfc092547157bdc4fcdf047fd376629b18431f117eb0cddb
questions/page_0500.json	question_page	98022	50	d2d24b11e6d6153c77f282653b313ce08c0750fe7efa289b02093f9a2df31b42
questions/page_0501.json	question_page	91216	50	35f3ac65fe66921c4a6b12ae6fd61094c7dd518740ae2ad68fb59e8b98619b6d
questions/page_0502.json	question_page	99768	50	0ef3d772cfcee37ce34eb967a83ca582be1b5064a8efa185a0ac151a7d03f2a0
questions/page_0503.json	question_page	101241	50	ad798ca0f888cea14b47f8b1c53b375b8e23913f043d296688e3ee9083404237
questions/page_0504.json	question_page	45205	50	f06cfad14cb8f2aa40851f12ec4533f5ad74ac4a35aa08fe0d90abeaccae52ba
questions/page_0505.json	question_page	88496	50	7400d6f2b5894cb7ad3c077dd373423ca2a47c5dcaeddb3db26d27d69e4e43f2
questions/page_0506.json	question_page	84373	50	5f274c2c1d1f24e17eaa227441b91dd8fe20ec2c3eca79080dc15d13fe8ff4b8
questions/page_0507.json	question_page	77572	50	755534d04c21cc9e0ee094daa9dcf31f20c1b4d6c67208ddb68b91664c608b5f
questions/page_0508.json	question_page	87973	50	b1cad7f85af76e751419027ec0240b88d7a288e0be62ff16ae0b5d6ef3976104
questions/page_0509.json	question_page	72564	50	02e6166510a2e0170a927269e33da2a4182418e5e9f1d930480abc8ee322143e
questions/page_0510.json	question_page	78554	50	825e4aa9807b5ec596bb943579194305a4b55c68a6d7336bf4b2b3c85cb38aaf
questions/page_0511.json	question_page	46013	50	87922d31ebfbd4e94d7cb557fa354a862b7533405b031e9c5c6abdf9183458fc
questions/page_0512.json	question_page	81360	50	e5c6f7b0d61b625f4652fb25b072ba296a0c1ad5dd869f638ec7c98c61efdf47
questions/page_0513.json	question_page	82388	50	5c21fb348b89ba25b7777aa7b98892a3ab3139d1f47031375f35fa35b8363097
questions/page_0514.json	question_page	74914	50	3f6ae90e9d7d1a52b24d8f2353750ede5ad274c87fe64e528238c757913fc4fd
questions/page_0515.json	question_page	78003	50	2314a74657b1cbbae3baf0268838ebb4ef60022b811b9dcb6c8221e9b83d8b3a
questions/page_0516.json	question_page	74389	50	af54d379680a4f8169fa5aaac90f3a4c9d29e629501b038bc2aaa13b2b338335
questions/page_0517.json	question_page	47376	50	213e781de28ada78ee84184878608b50ff989a7404dbcc7047407a31fd026f7a
questions/page_0518.json	question_page	71089	50	e8fbf592b2ee5d0e3afde91595100bcfd7c9bbcf7b1b33bb1788ca3c62720d35
questions/page_0519.json	question_page	62058	50	de22bd630fae888aedba3ef1d2246b8094e85c8da062160dc0f9ed6e961f60f2
questions/page_0520.json	question_page	76898	50	3ee6b5ffc9df12cc35b99f18e66742f9c2a0c1625fe2f954733a3209a169d006
questions/page_0521.json	question_page	56825	50	d2d2e00797cfe12d5b360fb4c35e6024acc78de2e0ad8cf6ef312b6f8ffb8bc6
questions/page_0522.json	question_page	46788	50	54c477cb3b6f87927d2c18d8a1726ed6b9df1c29e956727d91a115a2e98fb5d6
questions/page_0523.json	question_page	33341	50	6403d335295d88813824c045252443345264001a34949446e04e4fa2f05260a2
questions/page_0524.json	question_page	66075	50	a35bb64e0ed34203f5bd4ed2316e9e1eb0d4a9607a801fcbd2c0e86b09479723
questions/page_0525.json	question_page	67153	50	2bc417f519ac42149fdc08ce4ee34c3e9c1414dbb7d99236654e999353b229ee
questions/page_0526.json	question_page	69993	50	260c5c701a89a5005d2442ee8e5694c72986f9f4dc9b9619c90b131ef6eec99d
questions/page_0527.json	question_page	68430	50	f5a27340cb4d7cf7f70641c19eaf43852217b934f49df398641d7e377916badd
questions/page_0528.json	question_page	57202	50	cbf9c4f3cc5d4eec9ea799724e6f5ca2204781bd24fef3a0a3b410107db3ac1e
questions/page_0529.json	question_page	45604	50	8954b3bdf7436d210263c21d092bc25868cb5712207cd676cb27f718373b65a3
questions/page_0530.json	question_page	49269	50	7847361bdee22045b13a788a6fcb263a79f239591d941506eed6f8c04767870c
questions/page_0531.json	question_page	80245	50	a4130231da7f83d4006ceff2c3b804920b15eb9a0649c499444c029fe020771d
questions/page_0532.json	question_page	47126	50	6c417d6571576e10621534274e6cb89eae6f72c6df0c0f8de6688c143dcb3cce
questions/page_0533.json	question_page	62499	50	14369d29ff38701af38550b1cf6acfc9edda44497a874f5980b2429933635008
questions/page_0534.json	question_page	109187	50	f5067de1f7c47e8008c4647a65219308beaa5b9c2f0fe9ec7a2d9c3d313c7e6f
questions/page_0535.json	question_page	78284	50	fcd61933d2e55c8b5e39871c5e456c6e3caacf6309fa6b761b859fa5d496a027
questions/page_0536.json	question_page	31521	50	bae948ba323fc3871b1c4a710e5ee6d39272ef4ba574efd7ac364fa1fb3a2677
questions/page_0537.json	question_page	75524	50	30308d7db58a26b0db8075f0e39069efad6299a6ad21e575aa3ca6b14f20c76f
questions/page_0538.json	question_page	78910	50	47e9c99d292af1d8c2483d3c5d3dbfd4a9a0f354b2bda3f0133b8a88880d1214
questions/page_0539.json	question_page	97623	50	f74f3ce4b5bd926c368a08411e5073fc42ab2b89d3fda48092440093f9ac1840
questions/page_0540.json	question_page	75971	50	e64f0353e9fc891aac8a731d35cfefbefd823a4a572cf7330d9a7faf06e7b887
questions/page_0541.json	question_page	74219	50	8d036bdd645c3f2604f93cfdda87dd0215bd20880a3d1764328559882149b738
questions/page_0542.json	question_page	39774	50	32c7a47be97815f5d7e74a4c3f8e7009e5b76176eb1e694d76c1e3e006ede35a
questions/page_0543.json	question_page	56912	50	383a00afa54be3cff060579608d5eb45cbf6fb9ff113f32a65eb8a6e7079562f
questions/page_0544.json	question_page	83650	50	4c20c7435e95f424fb2df400bd25d8e0f299d37517595021876361ecbf81e723
questions/page_0545.json	question_page	56164	50	a635a398636e7048917f2d4eae44c5323484d8c7d47b735710ba96aa1316265b
questions/page_0546.json	question_page	94489	50	21709de0f7f12d4e663de005002f9c021f750eca3e160d5896e1ac4cd14ec402
questions/page_0547.json	question_page	72870	50	a16039c612462d0b6eb6af8cc34849cb1bd9f02431a6ed2538bb381c12fc1803
questions/page_0548.json	question_page	110017	50	3165556d0e774ad5798dccd3ea582f0181a83a364282a3cea6152a4c7d978433
questions/page_0549.json	question_page	58047	50	442a050236f745eeafbd444bc39c76a8ad3440c40b7198f431b937dc1196fb5b
questions/page_0550.json	question_page	58516	50	d1e15540a1d160b7c21db60ec333097593464f120ca387603966183bec22d82e
questions/page_0551.json	question_page	34769	50	1a7049efaa11a229f28308b187145275a0670207cd665832f00080b5bf8ddb05
questions/page_0552.json	question_page	39423	50	deb9c7796213069980642359fecdc577d40853461dd0ae14dae70fcb6ae2531c
questions/page_0553.json	question_page	48021	50	405126cce5a91d118a5b58010c6f8935a0966ad91f77c358fe46157effdf81bd
questions/page_0554.json	question_page	44404	50	788ead4b9e11d5b6d022f78e859d5955bdb3d30f495cabaa7e9df854206296d5
questions/page_0555.json	question_page	97151	50	6211728c3d5f07f1a671b55b230421fa607e21f9a8998cb0716c9b3d0769a8f3
questions/page_0556.json	question_page	89290	50	675ab48f617db04800086e56f68b4d66a4409e2689379d24e28324b0bf121db3
questions/page_0557.json	question_page	67485	50	c973d38c134e6ac61f6e8e012faf72e57ca0bfc12336796a9d4fdbe4a47d5c39
questions/page_0558.json	question_page	82132	50	468f63c54352c7a050958fbcf7bc3eed50841990dac326fcf5f741c0383a2e34
questions/page_0559.json	question_page	52521	50	505e704f69f23f411437bdfe758830b0eced9b38eb5d02a198bccdfbd5af6dee
questions/page_0560.json	question_page	64330	50	1657c004e602f8578cfeccf2517dca3e0a5c756485e12e0892b29c8a854c7a4b
questions/page_0561.json	question_page	81607	50	24ca6f2f18ecb15a5a8896c9ac0c5e93fa097790a6143e21d14651caa2612975
questions/page_0562.json	question_page	88394	50	ec218ea6172f792690bf62a60b5653109f3a3775b227d4e647b71cfb6ae93584
questions/page_0563.json	question_page	61028	50	f8d03b6bc0274c1fb364e6ee44c9de7f2a8f6be97661a5dca13d9b00bc4c443a
questions/page_0564.json	question_page	73136	50	318315b14a92377655666cd73c5ff90c0089760dbc0b0de222be6ce518731f76
questions/page_0565.json	question_page	78973	50	9a248e404118983d8c4d91075452b15ab5f04756f4fb4d401f1487866b825f47
questions/page_0566.json	question_page	25013	50	86d418b70df7284f032c82615f9535e7564f49a060ded15e286a20543e8b71b1
questions/page_0567.json	question_page	76987	50	8b4124f4e5bdb8135a5621c40d79af5c520578e11a4f5b2444098695b4368ec1
questions/page_0568.json	question_page	115317	50	7b11f1c9c388c0f448197ff8a75de1b19406158d6f4a233f457b6a8e0d932c1d
questions/page_0569.json	question_page	93042	50	ddbdc65d3ccc82f3a13d54a9387b59bd9f37f1c7573d9f485e710f7c77b031ad
questions/page_0570.json	question_page	126992	50	fe433ad7317801cc87c14822d95572e709d8954c56b7c3420cbcdfb946f4e71e
questions/page_0571.json	question_page	142806	50	91f27269114b5f55beb38edeba094966b77416d2272aa0320364029bed6c0ef5
questions/page_0572.json	question_page	85097	50	6fcc0141015246550ff4d6461511b6eb517808b7cbdda788d0f87cb7b8031715
questions/page_0573.json	question_page	68718	50	c5d40e658db502f6d74c642210a31b24a630dc9ba5d7d1ecd8eb783dac5364ca
questions/page_0574.json	question_page	47011	50	7e5aa1fc5a047ba12d2367b381dbcbbe84e32990a6f5a6956a29498f80c78aa7
questions/page_0575.json	question_page	55798	50	ffd2698f4a57d2551411117cadc694d43174d737553a3f497334e6734ffb4c4e
questions/page_0576.json	question_page	52441	50	a8d5aee44a9c1c9e063dbe274655dd5db133b348676770fa6e4a31b7f2a1d364
questions/page_0577.json	question_page	54692	50	63a9cd6c85c7439549befb7ea75f32871c28fac7ac8eb51a73d74d271e661a0c
questions/page_0578.json	question_page	43849	50	f91c83b9b76f10ab6fa12a0f1068c43656770b1db8fcd70e5f43f39080cac5a0
questions/page_0579.json	question_page	61139	50	515b6e4b3f336a00e65bedc3b0e52817b428f6b3ce717b57e82ac1e5fa6c2306
questions/page_0580.json	question_page	62410	50	2a5ead63c7f57193d25f79d816eb6902d12c407c917fd81dd2470d37a96babfa
questions/page_0581.json	question_page	70641	50	bf64ea90bf4beeb5080eaf932e2caa62a155ce31e73c6365c26c870e177c4bd7
questions/page_0582.json	question_page	82926	50	cfbc335fa83fa50dce2149869e9046622a51880649c8f514c6feb2bf3d3cc361
questions/page_0583.json	question_page	103616	50	130199391d7fdbfceb71c7cb8f6a9ab0649298b3dfb57744635cab994dfa740b
questions/page_0584.json	question_page	62472	50	70456022bd9ef6626d401c6a9e84a5fed09119035974806a2cf1720b194c6f8f
questions/page_0585.json	question_page	45714	50	04944bd242f3de07ecb075c7c4de16c2f30a37034d38f4c3280164be995d66d6
questions/page_0586.json	question_page	48696	50	6eabfb27cba7dfc115dd98bfad727c22e759de9cff8dc1934ad6802e18e87481
questions/page_0587.json	question_page	62611	50	99fd22ea2dc193b1add561f60a6c42542180a1450be877772f07190ca88bb537
questions/page_0588.json	question_page	91459	50	80cb3e311356e58bcb2dc175ba2b3f721e95868f0717d3d1f5f28178d9ac6bc2
questions/page_0589.json	question_page	100682	50	4168992135c00c9b170843f789a5e6622b84755446cd1691a275906e2bc7c80b
questions/page_0590.json	question_page	50455	50	c43d9e90719a250f8bdbde2ade77eac0150b8fc668daa7248700ff9904aa2f60
questions/page_0591.json	question_page	85018	50	18c1e84ba020b7af88f4dd5d4fe56151979a6a59253f1512505862a81e4a27a6
questions/page_0592.json	question_page	63132	50	c935c465d59ab5abd66fc9746a10861eccbf4a61d7b5cf9a1c14fd6e9b6456ae
questions/page_0593.json	question_page	66077	50	8402235266f4a7d085bbe13f67f138e04b49c3382ba2ce13c11cbd5f98491cb9
questions/page_0594.json	question_page	46580	50	f18ed2e033b1223c92e82a7e3b7c8fed84aeb46ed8c2ee0749c19a2ecebcf99b
questions/page_0595.json	question_page	84822	50	c90be624ec6a4bfa7e253bad9f44c094275faa0df49a53df5203fce068a033ee
questions/page_0596.json	question_page	49280	50	d1daaa597de90b82ea002e07211ef4114e9c09dbe83995f9418f1c194c30781c
questions/page_0597.json	question_page	50295	50	7a845d01692d4d48a7c1715aa047226c9e51a3b5cbf9873e983174edb397c440
questions/page_0598.json	question_page	84501	50	bf7f496e49365a7b7748d46aaea486f4dc75762a6eb2641e78e1059bb836aec0
questions/page_0599.json	question_page	113145	50	a0a8386754b41b6c36d7c81fdb68f6b62d60906ac2d8fb64cd158f0a6642686c
questions/page_0600.json	question_page	54898	50	a6cc5ba4024a37e5293e06d3a12f94921c2f0105758e80ebcd7319c5d1f708eb
questions/page_0601.json	question_page	57263	50	ae243e03977ff98813903b4084c51a2113efebc84a5ef6f9e41944f959dc0ab0
questions/page_0602.json	question_page	49039	50	911169ca43a1743e132ce2c970006e54128c3aa42e94200606a230538686ac3c
questions/page_0603.json	question_page	61024	50	5008bfe055eaeff7c59607423feb333adcc192229733e338d98c899ba37f3237
questions/page_0604.json	question_page	60646	50	6f5b16e131dbf52c4a024248379cc97a9ec6396aaf4a122b941dafc336092068
questions/page_0605.json	question_page	64940	50	fef1a3e132506246f9d81a47d0cd228f43b88b5ae520a2e946947d9304a32fed
questions/page_0606.json	question_page	77566	50	217e759f7aa7b0efb8b48af2b570cd7966417d75f6949a5be15d98c56f0267f6
questions/page_0607.json	question_page	94831	50	a85045819a5b0dcd32f441f66eb56e37d90b1ae4638d1a9c4de78f471b2fb44b
questions/page_0608.json	question_page	65818	50	9980e0171e4d67aabfcfb501df9a9213397339ac80903d04bee00b40a725da0a
questions/page_0609.json	question_page	70565	50	dbbb940cfb667770d673bf378d9174e6c9be775223863abbea7fe585296774bc
questions/page_0610.json	question_page	94824	50	db918454fe0f257e83b0be6812fb78154b4b17f638e44af243029977705e73ee
questions/page_0611.json	question_page	87236	50	9e0cf2d7ccd42881156db5b677821cd9e9544ee78518baf6d11fdb9b156c3829
questions/page_0612.json	question_page	67141	50	b343b822e32c060f60aa45be5608cdb63a9caebdc4d730427319b1c612a12eb2
questions/page_0613.json	question_page	57720	50	1528deb4d103de1f4e04d73fe9feca3b3c952faf1dbc4122ce117d05e693eb64
questions/page_0614.json	question_page	63499	50	abc830ae63fca61db07c42faabb0593620349d4ff45052b30aefa18a434f9401
questions/page_0615.json	question_page	49434	50	6255fdb785a1b3e8f8f85bd246bf6cd83e7025ce551c69a4e8a9edec2bde3d61
questions/page_0616.json	question_page	67201	50	fce478c6ae9d0f4ac0f0f16e1110bef3f01e4d8ce95c93f2160cdcef9712fa12
questions/page_0617.json	question_page	66013	50	302c3233bdec025031f6684649d7ac33e881f9ec1e979cd1c5609cfe81a013b1
questions/page_0618.json	question_page	51346	50	d658406d013e90c42b21dc28f8ba5ed62391384c65c994ecf07a9aa25d691162
questions/page_0619.json	question_page	64044	50	1bb8284484e28cff14c7adb064a83965f50342861e06e3766cf865e792bca5a7
questions/page_0620.json	question_page	48309	50	b7faa9e8e6335270d638bab91f48e3b3788c092c5129d3be7b17e15f14bb910b
questions/page_0621.json	question_page	85387	50	8fab035f8b2975228c2b0b0c68fd235c10493f41ab1ef3b44c29648f41a2ba22
questions/page_0622.json	question_page	69082	50	aae0488052dce69a98e5ff315f77f279fecacf09809dcc2061cb0459a13c15b8
questions/page_0623.json	question_page	56900	50	5116838f574f417fa0666d1cfe777044b2211eae187ab415602a249b21a614e5
questions/page_0624.json	question_page	58837	50	61bf541335cea5fca58f6bd39478a3addb962f6016064b369a3632f832d1b235
questions/page_0625.json	question_page	76795	50	617f59b09f0e8eb4fa8c0c1835f36a87a3690f29f66f2ece3076a98c62d06a71
questions/page_0626.json	question_page	62887	50	a788675a315faa6b4a160816eb5c23a0eda1ca4a7d65daea7b4de32cc331d898
questions/page_0627.json	question_page	56193	50	624f705359a94734d87fd4e5944d17d8e4d9484a56d2836b2e78b8010573665b
questions/page_0628.json	question_page	58139	50	beb76bc193ddc674f7813d2c835cf18546cd8a92764d37381901099adbea814d
questions/page_0629.json	question_page	57619	50	250af7e09c00ab1c21952e38e589acc2b634e6eff19aa76d853b174f5d4a3ccf
questions/page_0630.json	question_page	49282	50	ba0c3169e8603099752398c193a69a639f446eeb5b42ee457b1cc3364581abdb
questions/page_0631.json	question_page	66884	50	3247226b1cb69390a34a95386a9145d379ab36577d84bbd79edf167656ca05d5
questions/page_0632.json	question_page	48430	50	355bef0aa4c9b1a10b1056d0788117502a71bf0c549e911941d433eedca78e27
questions/page_0633.json	question_page	73921	50	0c80c81b50d838fafc69be60044d2252489af29410c85560a2e5b4b6c3db8222
questions/page_0634.json	question_page	35412	50	ca35b33c71b6f1fbbc9dbc186547a5cb6af6dceb5ccde4cf9d6e466b588bb1ad
questions/page_0635.json	question_page	73178	50	50a423f48c91429b0c5e0a49e3f98e19dc9f62bb4beb280bf0967b84ccabcff8
questions/page_0636.json	question_page	72564	50	a80b97c0239cb8627902e6e6e4a4b102a4129118964ed1f30374ef7bc8dec11c
questions/page_0637.json	question_page	77366	50	271e6ad79f3f2b2550a8de29e1640d8b0835bd432de8996b3695fb4ff7fdaf67
questions/page_0638.json	question_page	73450	50	dc4a98498e980b139a661dda9bdab56f4d424c8547b4a1ea2f9103299a178c35
questions/page_0639.json	question_page	69824	50	0cd16e8f54fdc309d95344beb5e33b7cf7a4be0f44f5655701ec2a1c7a704b9b
questions/page_0640.json	question_page	91356	50	1685f99f96350b907eb103fd28131d53539107a87f462933ceb066442e5bfd87
questions/page_0641.json	question_page	72945	50	752a7dd3c408085547d9f87085df1cee42206366a947d60b457bdac463b23f2f
questions/page_0642.json	question_page	80403	50	79f44bf798fa817ab9f52b3786f09af5d20a1ee09a9115b5e4b5ef8369c7a275
questions/page_0643.json	question_page	76443	50	5ad87a7dcddf56a24d80713f2391af7941bd760e338fda927e9c9151f81c4308
questions/page_0644.json	question_page	83402	50	5d1641b1f66be1a9e7ab4d345770495472cb009ab45da1ed1e3eefc935dcee92
questions/page_0645.json	question_page	86948	50	cf6349264b5262b253eb0ee6156c4612d3a8fce27a89bdf32a544667a3c94666
questions/page_0646.json	question_page	59095	50	9a964a7355cb6961d69fb52c41c739baa67f985c8ed9c94c4fdfb5e65af32a9b
questions/page_0647.json	question_page	57534	50	4822509e843ea6869fe5625ada31e03f06e3acc6cf2f4a6468b3ec5a8cd31ab3
questions/page_0648.json	question_page	63314	50	c135bb2991418fb685ce9e9578ba044b0a6ca5401155d823a0d4d230ea54abd3
questions/page_0649.json	question_page	55129	50	832294063d2db9a1f42ae8533943710fb41798821b48b2c353e9a2d3c3e7b331
questions/page_0650.json	question_page	72717	50	7c4d9f4144368151c076956c749056bc07cc515358c89a20f6807688bfb9d989
questions/page_0651.json	question_page	92985	50	565ddd7a59ad58086cef5e92e05b7f4ab0860172334baa3e4be13cb1b1eb51d3
questions/page_0652.json	question_page	78503	50	b8a8114a66506eada03692bd45941718ce0033394d623a1e3a3f91a9d09169b9
questions/page_0653.json	question_page	73332	50	69876e118a2573f410e907369275186cd4dd487ddad81333276a98d341a01f34
questions/page_0654.json	question_page	65495	50	ccec2ffabd71097adf9da53a9425e0d3177a4b53dd50143d64e45b818c0bfc2d
questions/page_0655.json	question_page	54300	50	877642862395f08ab11f722ebd736327331b4513fd68466cb2e31074a3cc3bae
questions/page_0656.json	question_page	82390	50	3d861b68bf7712091d69f4e55a00eddb0c5f5b3b1e3dca72bcbb3ea4733b11dd
questions/page_0657.json	question_page	72916	50	0fe702a6ca6f7b549805ff4558f786b5d3a30c563b65d2347ce24a363a96e1eb
questions/page_0658.json	question_page	40866	50	643c898b8c03d066bf81d367686fd2621a3939998bc84e8dfc55325b9510232d
questions/page_0659.json	question_page	40099	50	b5d7d92736507218d193b04d591c7d135ab859726e9d3b359d2c8a075a48f40a
questions/page_0660.json	question_page	63807	50	425ede17dca3eb645ff1367bdeb32cb1e94e121bda7574c7d1fe91ffb634660b
questions/page_0661.json	question_page	49368	50	3cc1b376c5ac805ad606624aa203d0dbacd193e70f23a90ddf823dfb06d33d7c
questions/page_0662.json	question_page	57653	50	2ccfb6b1386fcecda7abf75bf54eb569dddec8925dbf91792bc821b8016e46df
questions/page_0663.json	question_page	56149	50	ead40ec4b006979b0942faa54dc6d0643547e5e50845b0893b79482311096c1c
questions/page_0664.json	question_page	62753	50	43a46b933dcf447616b4a7efe400665503d8311900acc6df6f46c96f615ffba6
questions/page_0665.json	question_page	70966	50	68f308562e0ded43793337b75798a4ef763e2ff87947f92ea9f431bce9ce710d
questions/page_0666.json	question_page	64737	50	fe41603918cfffe3f372ddb2750e384bedced7dd1a424421754f6b6189ae0722
questions/page_0667.json	question_page	76660	50	8f320a58aba810689851ba5b77345e5d79423c0ea4f92f9b9941079aabe8fac2
questions/page_0668.json	question_page	49972	50	cf023f83c2090389e5be90f8e839c3d8ddb9a7be8bc503624b749d53e49f80f4
questions/page_0669.json	question_page	49589	50	42da26f248e90f07693b7647a915d7d57335b7b4b85b8e36a0bd666fab027836
questions/page_0670.json	question_page	90035	50	91b3df47567ce15b2fcf0a52ecb309e34f5907f272ff98521c6d3438c74f39c8
questions/page_0671.json	question_page	53596	50	fe89c334a16ae6b8100f084f213100f8770c7ae812ab5ebf779546a1e17e7e68
questions/page_0672.json	question_page	60132	50	a70963b3a2fe5cd249dad61499f944b4599a0d854bd88acd2bc290bdc51ac026
questions/page_0673.json	question_page	66328	50	8360b79eebc9e3546c50e61e3f833cc78900a4260bfc0d3e140a08ebc6062ee8
questions/page_0674.json	question_page	71557	50	105a9809453894ed79a8d736b25c700b7db207a73e8c1bd3d1cf8a819f924de3
questions/page_0675.json	question_page	102827	50	02a905a1d703ab888ba661dcfc164d3f30bdf87a15d915b681a546f5ef830989
questions/page_0676.json	question_page	80684	50	79d7c88774c101e2ec4282c796bbc4db5aa0ee0c1a6615993ec67a3029ed6b82
questions/page_0677.json	question_page	70230	50	15b247e8a15467efa67a1055c52c3b415af21557d78b9ab3c8d22779c8c7d5ef
questions/page_0678.json	question_page	65318	50	3fa5b837beb5b30e2f4d893d0f80749b40e951a0adaf606f31bf0b865b60af07
questions/page_0679.json	question_page	77373	50	21efc7d4f94d4a3343a6835eab8a99e1628ed5d6deaf6482f20c92a3a4e8b5b2
questions/page_0680.json	question_page	103848	50	58200baa0c97d894f780a6fcb3169d7be4d40f8672822afdc736a994484d8aa4
questions/page_0681.json	question_page	109456	50	d275e1e52ddf55cdf2e53fe313be769b2c4c126b89bb244bb95063e508fcdbdc
questions/page_0682.json	question_page	61171	50	beb196d9c32c78276af0c962d755b6b52f30b246f85e146bd917161b21521365
questions/page_0683.json	question_page	69852	50	8d00d32c81c04a97f986609c945cee2b2593abace14358534066bdac5e0402e9
questions/page_0684.json	question_page	69488	50	a0f278f2aa4096e245bc970a765a7a67d98a178a334c8e69cb20ccaf53e0ab12
questions/page_0685.json	question_page	58915	50	9602a07baabe22803f4b81633d404b4952afdcd90eda1b0b5d249fd8b9924533
questions/page_0686.json	question_page	48192	50	e714b217ecbd5fc7762389bfae63f201214d80d0db7a037eda8be17970d93830
questions/page_0687.json	question_page	41196	50	8fd45f093a5141ea5c92d66e4d7aea95d92584a796cc474e4aed2ba54d34cf36
questions/page_0688.json	question_page	51816	50	eb58a2d0daea5356277f1e7aed95df82aa05834d9c0c6710d27279f2f1c594b7
questions/page_0689.json	question_page	93297	50	ad8522086202bf1cddc54061d561c1f5c380c11ccdb80b1cc6a1efd98c95c1f7
questions/page_0690.json	question_page	71533	50	9045ef8f64cf6437ca8b838cfb37b4c31e2c3bfb0837291f4a2da54165111724
questions/page_0691.json	question_page	95201	50	17643a29f1923c1cd8f52fc357c5076d55ce0e19684c082a36265629575483dd
questions/page_0692.json	question_page	58822	50	5c4bcf138650309315b7708aa63a96f2e95853d3cba0edf388bdd9b2e8e7200b
questions/page_0693.json	question_page	72998	50	2f40fb972b927d7e677a10378022b1c6ff1aa0dae9c484ac59e49f811716e11b
questions/page_0694.json	question_page	66765	50	3d3a01f4ae00089a0ace53f30f919d48dffc9f9d48fb75ea7c3fcbe57c9764f3
questions/page_0695.json	question_page	62060	50	8acb758984da10302f3d7427ce4ecc0080dfdb793358c0ab00ac710101d25192
questions/page_0696.json	question_page	71294	50	c6156e19592b0aca85cdfa51888a0b5fba6e6f016cf120bf0d10951ade099e32
questions/page_0697.json	question_page	60383	50	b79abb779836c3a803c17399dddee3377b42ab39eb4f6f143792b16979493273
questions/page_0698.json	question_page	62900	50	1698c506f02dc55006a6fb292e1c2e8b7079c88372658a1de5c4d79bd220e0a4
questions/page_0699.json	question_page	56037	50	ccb02fb09dbd9a3fdd5d0232485394ebdef0da4b1d83febc0f215f5ff4029861
questions/page_0700.json	question_page	50752	50	285812f67b2a7e7669e314c25ee90c5a50d38d70e7264657e08159d28598dbc2
questions/page_0701.json	question_page	145460	50	12cc39b736555dd2eb39e1bfbe1378d0cf080ebc38869647ffb939bf960af6b5
questions/page_0702.json	question_page	66151	50	2cd7902d380af7fdc7796a99a2926adfd0d695882dd9411e38f49bb4f56b687c
questions/page_0703.json	question_page	49506	50	6cb4b99055668fe7499cb77348c0f6c459c205fc00067528fc6b8f62fb366349
questions/page_0704.json	question_page	70430	50	7830b19e1beb7199f36ea1514aff0efa906b272b68843d358b3cf847a67fe061
questions/page_0705.json	question_page	102845	50	b8e042d74b875e560023e579e9827de66fa0cbbd9ac8ae06f0a803e8c63b4bb4
questions/page_0706.json	question_page	45313	50	e98ed26d1f13119618431d84eb5fa22b889c718cf77da43cf604b08116ac94a8
questions/page_0707.json	question_page	49725	50	daa5d3bb65cfa5184f7fb97066d6347cb9c0fe5547d2d0f9aa81f039c00b28aa
questions/page_0708.json	question_page	72227	50	e84cccc52d8c37159a7900525f0174f2ab1e5c84b43d6ecd64d274e9aba2313b
questions/page_0709.json	question_page	45362	50	1032d575e95230d65546e57157b5ee6ad93ac9407904f4d155fb7d404d1b48dd
questions/page_0710.json	question_page	51650	50	c531ecc5802cc5c510c16dcdba66c9d1672a14bf94675d51e2d74d2b53f6e691
questions/page_0711.json	question_page	57504	50	a5ba43e8edf0e8c0fab2d8e21e1eaaf7c1bb273f8e5eb4429b1e3a172971abbd
questions/page_0712.json	question_page	65937	50	8f85d660d8928ee05c50e8cc5bc54651b840869f8ea788be3ea136017e3e4cf4
questions/page_0713.json	question_page	57601	50	09b48769974a4b29be802b36bfc61d334eb1469e92bca612bd48b42ddfad8f52
questions/page_0714.json	question_page	73403	50	57ebdba6bba2e9023fd806498fa55013b6e467779b51d5eea0c07f9be23dfdb0
questions/page_0715.json	question_page	52686	50	71b6a81dd9561ef92afecfedb9726f9f38d0a50dcee78e9fedcaa1844b0e8e14
questions/page_0716.json	question_page	72063	50	41e662a4c2be7a09b4b0d7185242953eb68aa2952ed770ada9fd5d3dee02d323
questions/page_0717.json	question_page	63132	50	c553c3cd9a1030c098b30021f604d163a1b795990ff9ddb6d5aeb003d179074e
questions/page_0718.json	question_page	90533	50	6ca4752475959029875e0b51475d711fe6de5c7395333308554d1638b97031f7
questions/page_0719.json	question_page	79652	50	f24851c23b81905c01667b43068727aa60191fdc9498771bf8107161d37875bd
questions/page_0720.json	question_page	50501	50	33f1dd01757fc66d83c3c2738d25b0a633657cb1138b579a0b71d66612962055
questions/page_0721.json	question_page	57094	50	cdc7988dfd227e525f1d14dca6f78f7028221b547b65d76c9dbe9d6563dad705
questions/page_0722.json	question_page	67211	50	5c2c6dc22e7fd36a51c1da26b0f2a736da58f14d9ee5d366793c4b5f9a949dd6
questions/page_0723.json	question_page	67665	50	3fcdcca57a60ca6a4127d16d2fea3217713e81f08535cc2eaacbcfde96c5a90d
questions/page_0724.json	question_page	69358	50	22613aa24c98590c04c49d658930ecaf7dfe49167c22b9f2c1b4c1cafe00ea5f
questions/page_0725.json	question_page	55865	50	d3bb5c736d51b8a4d822953d9d303fb3e135537518afa989ceb5b9aa6b53e49d
questions/page_0726.json	question_page	80918	50	d450da2e638c38267fe88f1204750ac8d4752ead875e97c29fb50a23f693f423
questions/page_0727.json	question_page	88838	50	aaabf49e4f4c61f1acf7d5ec278fc084335d6e1bc0ead64f16abfe5e333a4b9a
questions/page_0728.json	question_page	71776	50	aeefa331e6ad746da42694362855cef652bc34266f9c4ad84ee5521d20ba0d27
questions/page_0729.json	question_page	104710	50	ecef3c31025f094ce188e7b1f7770368ebb02f1a20e645ad088db5e03a8f0299
questions/page_0730.json	question_page	41202	50	fc692aae8e9675f84ec6a68bb0c37a5d11994c3ef185cd0ad4f8fa8533d11ab5
questions/page_0731.json	question_page	54271	50	22c7ef363f2fc97f7c426b85a6d2f80b986ee54056b2a3236abdf25fb9a79a46
questions/page_0732.json	question_page	96307	50	64d395ea5c9729eec8906b101c5f785c6de951bffed930976bfa4122e8086c91
questions/page_0733.json	question_page	70266	50	9d76fcab9387363c05f08b9eacb0cfb9a9bbca453a4b9ab15052bf021633384e
questions/page_0734.json	question_page	86739	50	37f8cd0b020daf8217aa8d6f0914f0f85003bc66e59000e298937c6c061cd3b0
questions/page_0735.json	question_page	50156	50	e5a9634e2e6da9b2fb7d2e101c7a272500b2af3b84c918d49ae08ebd472eab2e
questions/page_0736.json	question_page	62523	50	02f8bb5eddd1178f34d538b5702689f15c1316565623d0c0d1830559385f6cc8
questions/page_0737.json	question_page	76676	50	1071201531c4a2f14d703029942f368ab6b3f9f039a579e71ac716c54672ec62
questions/page_0738.json	question_page	86190	50	a04ee2445cca5e8737d410b5b09752bfec7216eea8134df8e5a43443ddbe0016
questions/page_0739.json	question_page	84672	50	df46281e5aa691380cb6c4a69c4257960a34fbb455e353960fd6b0473b6a3a53
questions/page_0740.json	question_page	47727	50	de82eb14c9abd15d8350ff015c8ce8a378649d62b33e2ff954219a6692a5e73b
questions/page_0741.json	question_page	44194	50	6c086f7549d0dca995aacf1ba87d802f17a3655c815ae1dfff318a524804a34a
questions/page_0742.json	question_page	47437	50	60adcc964c645dc180a2022d2542a248b31a8d01824c4790abe3d003fb0e03a3
questions/page_0743.json	question_page	42034	50	38cfb0c41f7d6f9a86aea5db6befceebbcf88d0031a82627de86f9c6d198c7cd
questions/page_0744.json	question_page	60179	50	4b9d4968d7e3cbe7e500531249410178c607a73ba883ee1c6a2f737fad23dbdf
questions/page_0745.json	question_page	50155	50	00b01fa754cf92c2d57ffd910028d6c772764dea815859eaf89f99a4aeb612e3
questions/page_0746.json	question_page	80874	50	9d354250720ddf1d6d15d3d63e1a668d66a9a9bd4558d7c24cc6714d31ef7908
questions/page_0747.json	question_page	57720	50	bbd5e43d47718d49f1b4b53e5a6c529da12fbc20bda1c57eb78e601f2add096f
questions/page_0748.json	question_page	65375	50	12d9b566ad649b8b7d0cef8c8aeff49bfce0a98b20508677558f24aab3caf5c5
questions/page_0749.json	question_page	83826	50	ee0801cc1341db1f0ead4dc6b55ead0a69730111ed5527d3628de6e7aae164e1
questions/page_0750.json	question_page	70133	50	b420798ef9a22f044183cfb93fa08e8a6961d301a9b8d37f078b02ae49008a06
questions/page_0751.json	question_page	107367	50	329e3464716ca949b1ae8c955937c1fe295f77bddaeb4acf1e769ad6433d18af
questions/page_0752.json	question_page	93297	50	30701c5067db7e063a4017609ba2108d3c46cd57bdd51b16c6f15d7fba902eea
questions/page_0753.json	question_page	115894	50	b0501d80809b1b4f648c4f5c3f62045d655d25a814dd8f548495bfbfcb837f9b
questions/page_0754.json	question_page	163278	50	008b016e97c287d31d292c83ae92d395ce978fdaf108471cddacf8b344b4263e
questions/page_0755.json	question_page	329110	50	b654a689906f678b76e774a4eac332c7657c7935bd0dffb9af7f62bc89760a0a
questions/page_0756.json	question_page	89665	50	e364c65099a1340cee978f96c1544728c19a89e2fc6088ba1b10d4e3b724d7e6
questions/page_0757.json	question_page	65736	50	6fdd04708e02be834a4678b6dd452a1980c9806e8ce8ed02239bd1dcab671c6b
questions/page_0758.json	question_page	65493	50	5f21604f44c601191937991e9b0fa950fbc6930017651297deef6e3fdd20ee32
questions/page_0759.json	question_page	80862	50	50cdd5b73490ed3e0516697afbe99cd0b2d8b072b3cb006f23843cdd19accadb
questions/page_0760.json	question_page	37835	50	492d0fe13533cbb43d8047b59b76a2ccd972ea7a746d5129ce4f2643d776e2fb
questions/page_0761.json	question_page	129559	50	87a9f3ae2451d934b75a0f1a0d6d4a398330e4ee319f33aa90666dd52931562f
questions/page_0762.json	question_page	94212	50	b8e4b5663e76d99024267a30b2fdc6316536d2132a4122bbb5cf3be827ed85ba
questions/page_0763.json	question_page	80919	50	ea56161fcf437baf6d32e95c86bb8ed89b2e3d0de36ec8a27367517a9799c2d0
questions/page_0764.json	question_page	61947	50	d70cd645865fb85e1c99bd8ad413bc9dc435b05cf8a948c5706600127afeea53
questions/page_0765.json	question_page	78017	50	8fad696497631d34471bd4d12cafe828e99786dfd08efb1f0ed092f0d5644cf0
questions/page_0766.json	question_page	43369	50	da2f461517a3b3860dc570fe2d77216fcd697cc561d8ee6c2eaac6105a9fcb5a
questions/page_0767.json	question_page	104966	50	48c5e9042991d3dd5e78a1ffb57170086e186c18fc2f4bb928b05f91680fd58b
questions/page_0768.json	question_page	110427	50	b2a0aa253d0935e71fd44b52b93ef414a548e3a0c8618f5cae3cbf87344fb9bd
questions/page_0769.json	question_page	63337	50	5e5a1ced50db625509e8442da124ce87f858a3a442c994503e87a89ab5e4339d
questions/page_0770.json	question_page	69740	50	371848e33165ed6d38b4d0af37ac3a0c4b974ac2df1131daf25cb11da3fa48db
questions/page_0771.json	question_page	86780	50	621d0b513d8f68217db0dad00c6437634efbb042ef8b7d6178e0b006f8139db1
questions/page_0772.json	question_page	80814	50	7d407f667d11d80a1fdc907cccc2ee596e13a9fa7fa6fa1d9b3d95e539bd6073
questions/page_0773.json	question_page	92439	50	87c0241fb794d033634490bb3396689a90d9deff2c0cbea7832bd1e606504ab3
questions/page_0774.json	question_page	61463	50	23709ef47a1091b3b2f3e4f0af72981540c594df72c039fe4c201b56aaba6e1c
questions/page_0775.json	question_page	47953	50	714b9fc6b606a6874708f1c255f8000381c4da06bedf4fd6af5d0be138151b9d
questions/page_0776.json	question_page	89830	50	31fe30acb1f8cfdc46c7e6ea40bf76d53238edc63a776e19c6ff010ef5dc4099
questions/page_0777.json	question_page	66032	50	089fa6dae87655fd4da1102f1c24214d9bbcce7133c3f158b5c8a09a03b11552
questions/page_0778.json	question_page	34838	50	f77917bfbc8fb66217552525fcdbbf818a9bb9721f40706682a4e33974ce1210
questions/page_0779.json	question_page	63948	50	df372b5052f7af5f720e478c1bc390e96875a9bf33ec8e287e41309c5f91018c
questions/page_0780.json	question_page	49089	50	a56c52198413799c191919333af965a6b9e240d4c04475dd33cff1e8423e7ba7
questions/page_0781.json	question_page	52664	50	99fa69d98312c68af260cd6dd2f0d8179473255c64cf46e2c7a36f91132a3f37
questions/page_0782.json	question_page	78094	50	4e7231ebd8bbfc8305de8ef1001ea7a87cb3b99f9fab6ee0c435bde38683d239
questions/page_0783.json	question_page	87550	50	19f5602ab78643acd4aa4d4a3ce35117d730a1e8c59c924afb1e6d7d09ae9aa3
questions/page_0784.json	question_page	80061	50	80248ae01e3f7c73bc19c3454a04575b18745686b9fb3f9df0b29678fa601b7f
questions/page_0785.json	question_page	93837	50	a2bdba8b95e8f3da36652645f82a3435e15aa6580bd5aad8f2413cdf5fc504ca
questions/page_0786.json	question_page	114931	50	b67cb98c1aa9a1c7bab4d97af9a84e67ed0a07c5eb45e34a8df9c7d5597c2826
questions/page_0787.json	question_page	87895	50	c263c0b22aed5af1546d46d83cf57d3d6325152b4e1645e06b57357990ae18b7
questions/page_0788.json	question_page	92323	50	e468c8c03d322d7a1bd56f76fa84906a7655d2f038cfa3b0c947afcb1a4fd952
questions/page_0789.json	question_page	88058	50	3be7584456d51d9e59f9e145013513f55992e72e433892f677349c50bbc6aa66
questions/page_0790.json	question_page	58850	50	06326abff90aad55511adefaa6e8c8f2fb0e98990d1d49657060f0a9e3a57f47
questions/page_0791.json	question_page	81621	50	c72bdf2eb08787f4061af5fb35cdfca3b62ec5b7eaad7e0ee6ed53c3e16ddfa4
questions/page_0792.json	question_page	80135	50	affe387ffc60935cb65a47497dd68f0b0ef69b7a7bb59b0842031f7d21218079
questions/page_0793.json	question_page	83422	50	f8bfe671058f88f3c9128ac019471eea00d9ebc991e9c7007587a4a7082bec73
questions/page_0794.json	question_page	54523	50	8f512503fa29fec917d3260216c539e4c33d200f6f05bbdeff80a4f0673fbb2e
questions/page_0795.json	question_page	39858	50	1a3d13fa894f40e25681844ff85cdf3a82e9b9572331b0a09d5ea5ec609e199e
questions/page_0796.json	question_page	55987	50	e5f6ebe872be6341e9fe9a7cf451eed46c13c7eab7b6aff2e6e000daf28146c0
questions/page_0797.json	question_page	62913	50	c2eddc4f9a50df9cb5e3d006da3c892ec49fe0b0149a8b18ca540a8c79734e13
questions/page_0798.json	question_page	75188	50	6071f6082bf4d5385540818a5b8cb630377d7cec85c3adcf678e8db8e896ece2
questions/page_0799.json	question_page	81107	50	b0a403c80bed7d6815f6c404263534c776626fe8219acd94a163fa081d3b6d5c
questions/page_0800.json	question_page	58007	50	5d69d976fe738dd3caba0a0d43c84c44dc0467fe960088b7223e633ffd2e0736
questions/page_0801.json	question_page	50394	50	136aed3eafb33b9dbd23d6fc3ee91460e046554755b5f39d1898e773abf03940
questions/page_0802.json	question_page	54395	50	1893b32122217c4c25dba8751e5cedd68757085342e7d8544fd92c1ddfdbc52d
questions/page_0803.json	question_page	62263	50	ea15a5e11f12c79aec0a55df3ad7ab02776add01341fcb64691ea3f6f5a05570
questions/page_0804.json	question_page	85686	50	08cad02560637a5cb83bd486a433b06fc8aaf82dbfe45468ef3da37c541c0e67
questions/page_0805.json	question_page	67849	50	5607c9ea3c02f4f486078788a786598699e7593d83518d8504f3d35775d23443
questions/page_0806.json	question_page	53291	50	70c73f9075c2b633e6ebbf65aa2f98fb5aa4b9c9d67d25b6de1773f151c89025
questions/page_0807.json	question_page	73869	50	062b8306e604926f35e41f8ec7b40e708699ff6ea552fa48b4ac90cdc6ed6494
questions/page_0808.json	question_page	53762	50	a083f27f6651db9c6ea2d4e702fa36c83221faf58b4d57aab4e690371f328bd8
questions/page_0809.json	question_page	59513	50	52845f1ba6a6c5790021882671d00cd0eb44ca67901599b923946f53a2a9d849
questions/page_0810.json	question_page	65274	50	ba5c62bbdc744ddabd5c20c48ddf36c9e2949e780aa19ef720505e01cd61d166
questions/page_0811.json	question_page	102615	50	d4c1faf05f86424ba1fcfe0982b4c5d5130514a812a082f579f4bbf0360aeb9b
questions/page_0812.json	question_page	78411	50	704ad36ca552780ad4580cfaf4b6b4d18b919793c1d6559c6bedf67d04e5d73a
questions/page_0813.json	question_page	81797	50	449df588ebe0a17bf53e18d42c89fc3490a76ee6f959db058924ba73a0f64ce4
questions/page_0814.json	question_page	104727	50	2a5e0d73d2f7aed939eac1609b8a0c802d972aba3b891c3154898e43c158a49e
questions/page_0815.json	question_page	65032	50	90ee13a9b62862e6faa9fa3246188aa7c2ba1e7fe356a165a02594b1d9ee4ef5
questions/page_0816.json	question_page	84593	50	bbe052d5885a54e6027c47d113673b1c13f0baa02c21b634bf3ad8c451be306f
questions/page_0817.json	question_page	92895	50	06b00d3806af097e32eefda0799512a8def46c2af00196ebc9c2481cf4326d04
questions/page_0818.json	question_page	62667	50	eacc5956f9489f1c56f403eb31633a6ae584b1bc25408a5291a7d850e02de58d
questions/page_0819.json	question_page	91584	50	fffa34c7ddb8fc2917bf2330c7345e3430043b4109a2d9c826f9323fd0c737d2
questions/page_0820.json	question_page	64005	50	bf7755a405f733e1ae433b681858160ca5c8f3a813ec2337a280a753b4fd5acc
questions/page_0821.json	question_page	107554	50	62f93d162703ad4e2f592f6c7773ff77667005c08de0163d1704f915c6e4b235
questions/page_0822.json	question_page	80423	50	e6c0a6fa62cd88df75741da32fd2204c8e978e0fb935c767a0734f078c2f2f57
questions/page_0823.json	question_page	93197	50	64edbd9bb98bdc96298e2288f99f351cc8440c7de5709fcb8575a25ccd4af770
questions/page_0824.json	question_page	87550	50	54c32b874b091c52eb088b4375be5d4051acd19d1f672883c4d4dd084bc9d3f5
questions/page_0825.json	question_page	72195	50	3053259ef6334543545faebadb8575443b19cec41e36f76c1630ac827295aee3
questions/page_0826.json	question_page	64085	50	de95e7e49f3b44944410bf9d46139ca2570e7589eec8ef14e4f3e6dc233bc60e
questions/page_0827.json	question_page	68434	50	73da9f58f42e2067b5235458f46480c429eb350ebf6946feb7012c24957e5467
questions/page_0828.json	question_page	68014	50	4d79657cb2ecc80ff503e0630f9ae26d2fd3eccd5249a5a29308e94b70a2364f
questions/page_0829.json	question_page	58192	50	22425fcdd10a383add4a5fb6a9694867be9ca9292910c67d339e018ff740e922
questions/page_0830.json	question_page	53026	50	cd91bd54bef339c4f62ac045fab30815e2a4eadbfc86e251c91f10856a82790a
questions/page_0831.json	question_page	74532	50	80570a5244c3c015d9f3fe27250b7c977356dc5e7a4caf22a8f838ac0f69f1d2
questions/page_0832.json	question_page	64800	50	6d25bdfcf19e3c3f68cf93d6edc90717383ecbb5120b89e90cfc9c9a8f0190da
questions/page_0833.json	question_page	60545	50	aed58af75f83d3f56a046d12e86fe52d915e0c2ba3bcc4391cb971e8863bf67d
questions/page_0834.json	question_page	58643	50	f252896f9ff0cdc4dc77ef538bf3f703ceb007e11bfdf9e6b6836f08b111efa1
questions/page_0835.json	question_page	69506	50	b6831afff06e2679eafbcdfd40146dcec27fc6679bc2a3676ae3eda0ab41288f
questions/page_0836.json	question_page	87500	50	c84ea20810561b01321a155cd43464152e89996874be3db23e08c2ef7f6335c7
questions/page_0837.json	question_page	94309	50	2b02e6916af24b6fb9dfde70626fc9cc4ba23c9a188687cb41e88a29abc25244
questions/page_0838.json	question_page	52581	50	950b780bd7d51a90fab8fa059b01e9ba4e6f78308edd6bb225c4d8c46e81dc85
questions/page_0839.json	question_page	75261	50	f7b8ffbb8136798a817151f04d4ec3eb09d8c03c4117347c04807d0a7a42f234
questions/page_0840.json	question_page	63355	50	05a440acc1924979ae9250f6fd2f66ec4410583aef9e5ebc64f724d8cfde4a65
questions/page_0841.json	question_page	67243	50	52155533e9feeea512c00832f6c277ca925679fd3d989dde1a13caad5d28e606
questions/page_0842.json	question_page	70655	50	33c8afb7d671722d839813dfbfd4880e8d593075b34d4b536dff72a8baa019a6
questions/page_0843.json	question_page	57415	50	4153e3b377a5d09689cfa635407b7b962752860b52307d5709ad1687dc7bc373
questions/page_0844.json	question_page	50105	50	0debc48d80f172f30e664269e6c12578bfec807c9a1f770462936c1f4c474745
questions/page_0845.json	question_page	77645	50	3f1146c1e6346df559f9aa17262f8d044a375bafb1969e14d000c623a30cd6bd
questions/page_0846.json	question_page	48685	50	fcbeb0a3c249217ca6aa9bbb913556fccaec6facc94effa233ed4002fae027f8
questions/page_0847.json	question_page	71472	50	9b96d4fe7765fa58082a6c7f6557fc4fdb8de01e55d6e54e2e334b549b3dc8e5
questions/page_0848.json	question_page	74335	50	e68e7c8084f9eebf3be4f4cf2c96cb6a1ff395c988da9f23d70964f8bb4907c5
questions/page_0849.json	question_page	89506	50	bb734214192ff9ee25d24ed157c1bc4082a3c2a0162eb4ecbd8b2764cf87ec50
questions/page_0850.json	question_page	62325	50	3b7efd9dc472cdb2585014b9c35f9054000979ea022375d5522d5945a190a205
questions/page_0851.json	question_page	89029	50	621ca6cd327a03a0f9477e9fa25f4ffa4b04d905a04d07d1e5607481ad68eb3e
questions/page_0852.json	question_page	99667	50	07a54af9dd8994d6dae32140d6e7af6372d4964fcb8199645b4fb0def1408410
questions/page_0853.json	question_page	67987	50	ca12ddbfafa80e9f8c4c6e8132bf7188a9878dd56694689e8cbd4765fc4483bd
questions/page_0854.json	question_page	96916	50	d6abd90e0fdf4f636b8cacfb9c4171921612fa2a381bb52151b21327d8504872
questions/page_0855.json	question_page	42137	50	f343eda26c4f866ae9320637599b308e4397f1c917cfbe92932209aca9d50998
questions/page_0856.json	question_page	56558	50	e729816ba8960370ff9f5a5c01baa4393d28d416d35bc7d9f47172e16c114628
questions/page_0857.json	question_page	44888	50	7bbc9e7edc5e14e427f3870dfc4cb09038ed5921fb2bfd66158564d3d687eb41
questions/page_0858.json	question_page	51804	50	25064c733fed8717f20dfb2308dc20b8f5e75c1eecb1d9456af15a102571ef7a
questions/page_0859.json	question_page	64283	50	3076bfd40fc9d8079ee24fc6bd09fba60d2dfd1defd5eec15917a8fff6686e62
questions/page_0860.json	question_page	62492	50	f5e7ce9affb6cb9711580bc9d73f5860fe6ad6e315c871a7b01040fdf78a9ad5
questions/page_0861.json	question_page	80330	50	c4610ffb14cd7131e23f7368966bdbf691ae6c88746a038944aceee29832bc41
questions/page_0862.json	question_page	73271	50	36db7dd11be985fa1a83a3b6e5fddab0d28557c9213e5cdf30a0dafff985fc6d
questions/page_0863.json	question_page	42521	50	92a0608d951d6548d710cce7aa80679c39f2fdcd3121f6171fbd97b9b4fb285f
questions/page_0864.json	question_page	85100	50	04b64804e93322df836f22f28e0d600724f46da9a758a112b44ddeb6d0e72740
questions/page_0865.json	question_page	75604	50	4fe63cc718bdba03212151bfadc80924b5a90a6fe9e4b14a98fc3e118c8ff255
questions/page_0866.json	question_page	60449	50	8ca21eae4d1591f8f897eaaae1d2cbebacb691baa1e7e76c73a264c99313b912
questions/page_0867.json	question_page	76438	50	0af646dc569692e55ab62e5d1bc5e92ae004b933a186d8b1d8ee98368a442021
questions/page_0868.json	question_page	58981	50	2afbfdabc7301361ec11ef16401977bf8b25d382bd23eb62610daf6d7374dfe3
questions/page_0869.json	question_page	60581	50	03b07f64453dfc97acf5e3e32f366dbfa0571941cda37551a7247b4748cd4b30
questions/page_0870.json	question_page	94056	50	b9af00ebb1f45f51bc68b814c67cd6e6d4643b736f9b0b8615567200f29fd37e
questions/page_0871.json	question_page	111929	50	a035c52fda35c9b0b3285ab0761e2d9032de0e265623ef8294a094a3309e89ae
questions/page_0872.json	question_page	60593	50	ef9f849296040418061b13a5d741db0f558954942a8653e641bf34a704cfdd66
questions/page_0873.json	question_page	54945	50	bb2721205d96ff64c9774f09f9fe5437152948dbf1a5e0c384669f4e14c08010
questions/page_0874.json	question_page	60493	50	dd4a7bc71fb457cdfd38f804f44c6464b205ca2480406d200d59a83f861672e8
questions/page_0875.json	question_page	42739	50	c8c81b2cccfaed4e44ae1b1e35b4b3339f2f0e8365ec9a78f15b350560ec0a20
questions/page_0876.json	question_page	59854	50	ed35719d53e980a3092b4272c62f72c69238b456d47bfd790c76a1b360d6ce4e
questions/page_0877.json	question_page	95346	50	57ac2f86c80408c8270bda4b3573c02435fe92ddf1ebe395bff2817d17a8f8f8
questions/page_0878.json	question_page	43170	50	6cb9914c9fd2e702c0ee8103ba901542c1df826a787fe7fa4b921cbf8a6907d8
questions/page_0879.json	question_page	45611	50	4965a4ca64d03b87b047bc260c1b07a83479548fe0cfd78b4cad6e5fa217b6fa
questions/page_0880.json	question_page	61729	50	8fec4adcfcf043851c40ed09e1b22f922c47eaef9447578b1e0bc1d50b3822fd
questions/page_0881.json	question_page	71101	50	f006574bc224033cc972f3f036ec43eecafb986afd8efb6a394bb93a1697ffb9
questions/page_0882.json	question_page	58839	50	739b04e583c22cc601fcd86bfbc1ade1553662863be0161e885ef494fda929f3
questions/page_0883.json	question_page	59959	50	1a24be5911f5a5b78df7382d2a8dee8154542e1ce76a693ab554554d0f022bcb
questions/page_0884.json	question_page	38962	50	bc497c85b04e0d3951ebb2ec57dd36b7bb3854829a02a2ae57d2bf97d3ede39e
questions/page_0885.json	question_page	67663	50	daa5ae94dfec262471b9858c9ea8c59bc62af6897b5583b673bc3fc4d2c8ab3f
questions/page_0886.json	question_page	61476	50	c5620e5626e1c770e25b304bcfcafbf59619cfbfe732b51d22e08c5cd4619e5d
questions/page_0887.json	question_page	55744	50	13d4c67252bf675ccfca5fadf7e54831d3480c810c3ce941e4131af5cffa2551
questions/page_0888.json	question_page	60185	50	ee8682fcee21ea6db1e0b3fb3ada0e52524ff5c7df9d3837f526f95cc50f916b
questions/page_0889.json	question_page	50109	50	04bb98924e2736324e8b6eb40ab56f852c3dd89ae8d7ed31a3deabf97a88563e
questions/page_0890.json	question_page	50393	50	da475cd0c6a6cb64ae887d7ece962cb32ed5bf5994684fe53676063f3cdc0966
questions/page_0891.json	question_page	50419	50	830c19d1bcea95d0dd940d7986a555b969930bf250921060c62fe7a195f2605c
questions/page_0892.json	question_page	42897	50	90872a4e3f408f962d307ae5b2d7a16b3b69acd30ab5a2fa8a5f8f24723aaa2b
questions/page_0893.json	question_page	39749	50	f35b0810a2f907fe55b4fc51edf3cfdd9cce9b93b8ebdb3e74b8ae84b2c7461e
questions/page_0894.json	question_page	33356	50	008f98910b7c263d867efe27675797a6f3359a2c6b7d6e102daca5b0485e587b
questions/page_0895.json	question_page	42230	50	979dc7902e266361d340f7221160d7bf442da3dc46b60e812c50453109e0183f
questions/page_0896.json	question_page	52931	50	67455e65edd62d25b0eb2def1f179db522e8d57bd8be7248fc62fae327684cb6
questions/page_0897.json	question_page	55934	50	dfc9da63c147417cceb057c106de55e5be35c37dc60df55e275985f7bb35202b
questions/page_0898.json	question_page	35596	50	3015b3b8178ef722a987a75a6130f19c3848d564b55d18c9c5fcdeea96490048
questions/page_0899.json	question_page	33607	50	3b8bd179f0ecc27dba62e6907e802e71b40533f01c24c00ff50c7b71a48e6e64
questions/page_0900.json	question_page	39937	50	d74ad34e959c171ff88f1deec8d28a04552f2702d17dd23fa7d67cb5bd9506d7
questions/page_0901.json	question_page	36178	50	b9694770961ff362c11202b1e438437ca0d16816304322eda2df24f2c49e1097
questions/page_0902.json	question_page	43374	50	1b5393bad5b4e93edd746c0699b71021affa32e34943207cdca8c670b6982f5b
questions/page_0903.json	question_page	167587	50	58dc0ced89141f0298d21e69707d15c45dda1f9e856a901607d52a3c493d1d11
questions/page_0904.json	question_page	44010	50	3d3c383d5b87ab22d112eb4fab7327880064dc071c4d00ca3bd5b5588a3896e7
questions/page_0905.json	question_page	52161	50	d186bf8470c347e669bfc387cc323e3f7572bab103c11b72d24c07b9b01ca93e
questions/page_0906.json	question_page	34436	50	8fd1500625db5e04cad7839d18d86bb70cda310ddde74d7e2108a8d06f67d561
questions/page_0907.json	question_page	53146	50	db7cca66584fc5b2fc94aa0aca4c128678db2aa775bffc76c2cfc8904f8bd9df
questions/page_0908.json	question_page	56724	50	e9a6009892edba638cfbc5ec3f241e37e1f3d496936d42ca837f8c30722a3a5e
questions/page_0909.json	question_page	42200	50	f6e326dd5bd35ffd705b0da6b6b0a2763846f8b993427bd8ddaee14b6e56103e
questions/page_0910.json	question_page	40300	50	9ecb37bab0aaf5d86d6663c6e53e639823cb7ccd03d476d217238466e90a4ce8
questions/page_0911.json	question_page	36644	50	fef466cc8ff25c9a23080aa0aa9e43a825c5dc847aa8bfb8aae12ff36f3b2db6
questions/page_0912.json	question_page	38593	50	40573a3ebf8add23c36fc5f194437b21374681cda206fb04a4b7eaa6840f0acd
questions/page_0913.json	question_page	38345	50	0fb27993d0a1b6be926f93adfd22cce7b2bd53af61dbe62860cf1aa41907b940
questions/page_0914.json	question_page	36270	50	abc6f6982754c4e47eb7c3768509e8b2a186ecefd96e3e23ef55dcdddf0ab18e
questions/page_0915.json	question_page	47331	50	46e6774bbaf2ed8296f6fca4870a8ffd16c259a3cb026ced1c80432d71086725
questions/page_0916.json	question_page	38857	50	4baf17e2366d7c69ffa9bd2420671d9dbea655a6235a32c858aa01882e4b50e6
questions/page_0917.json	question_page	44549	50	dbcac80cafc899722ca7f93eecaa82bcf5bb68cd7a0f00eea6fc3e74b346ed6c
questions/page_0918.json	question_page	41483	50	b4aecce3701fa821dafaed47ce17effa65c87cf5f3c7e77eddf3060358275ad4
questions/page_0919.json	question_page	32216	50	8a39d2181c1ab4c5504710dde0a772338e54ac6367b92b7cf270d03927efedf3
questions/page_0920.json	question_page	27885	50	ec0f154db09568e3824b67afa59ca033be470a1731a4dff5ac651fdf44f4a23a
questions/page_0921.json	question_page	38370	50	33a3df450fb06b402673480762cfdf106a4988d0b6e3bf5cd3f8cf20c0aeceb8
questions/page_0922.json	question_page	40167	50	d8cc68993658daf2212ee0726d586f429895009fd6db8720a4ed6b7e4af3d0ad
questions/page_0923.json	question_page	32996	50	20515d708f609888261a8cd392e84e2692ec427bf20d8dfb4d872859d831ea64
questions/page_0924.json	question_page	60952	50	8e7b5fa36662e348d18651df31f22dc08537843eb1ae9495c2f07c30b9a6a999
questions/page_0925.json	question_page	52043	50	11c7df8949859390da9753ceedc8a9c3f6fe7b7af9966896b291c1d53aab14c3
questions/page_0926.json	question_page	43244	50	c3ef7e7043e6074a5b3732926bf2b5001f017011b81b7194307a31aedc936da7
questions/page_0927.json	question_page	33809	50	252e5c71e890f48f21c43077fdcd0619788059f25238b743988d1dd0a5fc7292
questions/page_0928.json	question_page	43048	50	40098a1fcfc992ffc65f1ec20c0a51ca37b402a4f40cdf40d0568a0063655764
questions/page_0929.json	question_page	46662	50	5c31f7be60e4b05f36738b87602468da19b40eb3755010740598916ffffa2da8
questions/page_0930.json	question_page	25082	50	56f3f25edbf2c80378351fd70a114798c0f533430a82ca39bb2e0152d172e626
questions/page_0931.json	question_page	31505	50	f66be2258d12a1ce8913f6a85c3d1ac6c176940d43fb7cad4d3311d267144f67
questions/page_0932.json	question_page	42014	50	7386a6bbffd4e7293f7bb8763e5a482400be2491884230504b57896c2b93e6be
questions/page_0933.json	question_page	26364	50	ebb138891f649f74731de0e2e66727a88affc38264095c4b278b79a6b875b2b4
questions/page_0934.json	question_page	33826	50	76450d078a277911896d4cef6bce16cc00807e92c728c45a078b3b626b5fe7ce
questions/page_0935.json	question_page	38375	50	8f2620bdc2d951caf690a6ca58440258b52ced791f4f362b0a23abc222a2f047
questions/page_0936.json	question_page	39508	50	1ac026ad68f858bdeec76ea79846d40f6eee5b6574d27045ab1167d702e6cc0e
questions/page_0937.json	question_page	36707	50	bdf812a214ff4cedde8c8785b361abab64bd4617f80a64a6b74cf7132d964714
questions/page_0938.json	question_page	48002	50	69c271ba7e60375541f32a4bb7d076b249dafc34ac3d6bff65f853faf742abfa
questions/page_0939.json	question_page	83257	50	cb80d2d3ea7ffd5b4354bbc5ec7f429211f9e2be561323687e236062f92aecb3
questions/page_0940.json	question_page	77683	50	6e6a3953443cf7815399ed43baa1489a06a6e4adf06e1eda32176dacfc3111ac
questions/page_0941.json	question_page	66377	50	80d874da5896c55280d8e6e6bd48b71a987163ddb5074837ccc97d264af39668
questions/page_0942.json	question_page	79452	50	dfe6525e65815f3f8ae67b5d2e8f0af2889e8fb1f4f05941fc685da99fa5017e
questions/page_0943.json	question_page	67451	50	5af9c81d5a1c2a5dbbc50faad40e466656d1f4eb9ba8fb3ba6f4b5b5ac8a9a0e
questions/page_0944.json	question_page	72319	50	0bf966c8131c0265a3e4a8a5dc2d07a7d487652bcb573a9bfb534e17093569ee
questions/page_0945.json	question_page	55774	50	9e9d5d0a037d940932c87b4c60613594dec9a330733f4b0a747ffbb03caea35d
questions/page_0946.json	question_page	75008	50	1e6677ad59d1275003a3b5cc840664078c28a68b42e995ea83e15fee3fa402fc
questions/page_0947.json	question_page	67166	50	c5477cc9798bab18612be1ef4a7ba15c851663057ea96b7c2592840169b4e448
questions/page_0948.json	question_page	74822	50	39d2c6e4af1fc04f4e1565e787e08990dfc8af358d478fffb0acbc6de195a6c6
questions/page_0949.json	question_page	76008	50	e931ec6725abf4d53b7fe8d08ce1854de43acc6fa164f76bf610c787bb73d41e
questions/page_0950.json	question_page	66590	50	9d1a79529037506b9d7f1e8772db7e284542a2461313645a2fa8a381bdc2858b
questions/page_0951.json	question_page	65200	50	2be697ddcb19dd0c9e788fcb46234cb5519c72a8ab9ba1924741a698ba92ccc4
questions/page_0952.json	question_page	90818	50	e187fe5ba1fda7dbd8cf228d082c57c1fe98ff69dcfd2560b696efffdda5eaed
questions/page_0953.json	question_page	103994	50	a59c1ee2b85727ba8f1624f36a012a835eb2ed434834ce912c1ae92938bc8507
questions/page_0954.json	question_page	82620	50	ce5c1129b93dc622543b70508926b59eef745168327bff77b3f8ec8e58a28474
questions/page_0955.json	question_page	80881	50	5a3c427f70acb5013252742c4203c0f52d2f10e3ec8bdb990c11e10881348d43
questions/page_0956.json	question_page	84436	50	38b796c709cf50360daf578977b38f7790a784a63f9fa19231f95d654a643b3e
questions/page_0957.json	question_page	83165	50	27ef3f411a130c3d39d68395fa24e67025c51be29c676437d1170b13fdd817f6
questions/page_0958.json	question_page	85411	50	6efbc06198b515a6c61d2d6db8e1f02abfca13ab0f99200f2925490e90e79a44
questions/page_0959.json	question_page	84145	50	3e52fc140ba8201eb56b4d9d0768f3ed1eb9b5fe589c79e301b9eb437cfed634
questions/page_0960.json	question_page	80864	50	e3bc9411827e6f31b2108598abb04229865b86aa8dddaaf1c6206e72988ee30f
questions/page_0961.json	question_page	82186	50	f72de3f24f4d06e34c97ffa0ca7651a9d3d30d5b5747065749ae058947e2ebca
questions/page_0962.json	question_page	75228	50	a176e9065d64cecdec38dab7790d93d6f923971eac4250d0939363b55eab29b7
questions/page_0963.json	question_page	68771	50	9b3ba687a7cf0883df7376767465c6a41db9478ae04523c450f6ec62acbf23ea
questions/page_0964.json	question_page	68960	50	1601681d951a79855ca0a992c4f05825f6fc8b38183d8c2f98a3f89eeed1065b
questions/page_0965.json	question_page	45321	50	2054f6a4f993c2033339bc4e8df5b64985d4d5abdfa20db1d868352b3bca0f9f
questions/page_0966.json	question_page	70372	50	5dc01cf61bcf47b74851fdd27ec187ea4caff8b22b26480ceaeed932b1ca91ad
questions/page_0967.json	question_page	69024	50	4ed66ba6d407aa21afc2dd902a44c5163d316fed58be490f6c51303dfee96863
questions/page_0968.json	question_page	90772	50	98d213f575888f3cb1d575a4b500404a95b0cfa898631bf556f70fcafc5daff6
questions/page_0969.json	question_page	90453	50	efbd7680e654dc949216dd54ee4714398f9c0595695ab6754edc5a432712e039
questions/page_0970.json	question_page	119378	50	ffc57c086cd9bc86370affd27ed67374ff577c81fe97665ed6baa4e0cb9e8e11
questions/page_0971.json	question_page	69298	50	f8c538d835ffd8a348d0f8a6111a3d8eec644022c267512ec5d1ed75e41ceaa1
questions/page_0972.json	question_page	53459	50	9f6b5bf76cec40b6ece10967c9c6bfc21e463cad1b17eff4d30040a5f0ae2a9f
questions/page_0973.json	question_page	70852	50	67437755dce38ecdd1227f62df0b14be4a24945907731e31829e42267095f40d
questions/page_0974.json	question_page	81607	50	63428a9ab20500ca33c1c36fc785ef01bf406e83021001adbee05c5e1f0cf67a
questions/page_0975.json	question_page	105848	50	60df018cb4976d276d4d95be48002c0e0f20c391ccdcbcb79cff180cd0ae24cb
questions/page_0976.json	question_page	74259	50	189ed89c750f27c2a07e486313461d3988f9ece9a4077ebd4b69c57d466a2bca
questions/page_0977.json	question_page	77923	50	d596db0005aa2fb64d3a0c6e4bcf9947e81205ff6e117aca8e5f75ff55807555
questions/page_0978.json	question_page	103204	50	53cc7356189da1036926fc09a9cbfec48e396eb92d11ec649c118a353d7be108
questions/page_0979.json	question_page	81645	50	fc4de06829c1d89a7c4eac83041ecb394211bc53ee37952ec6df51658a02e84d
questions/page_0980.json	question_page	62039	50	e10d5eb632d5a59baa35b4b764ae5a25f41ad9985dee27ca1d588f7f79c9d9ec
questions/page_0981.json	question_page	75770	50	96e93bf80075f8594d547f2232488fac0235cc0b1ae28353da1251db119bb67e
questions/page_0982.json	question_page	81836	50	7f564d1d520c18e62f9ac9ba29a49b9fd0914606eff843485a38dbad07aca7d5
questions/page_0983.json	question_page	87512	50	54686f0cba5ca85a316d06a3efc24af9c670f6a3b695192be91ac9a1defce3c0
questions/page_0984.json	question_page	109361	50	37b02c459db0e2d6dba6cb0544fcf53eebf73a5fe0779677998a4a77a60381da
questions/page_0985.json	question_page	170382	50	48ee7dff6eceaa43b1658281bfba3835c07297a8db5823c445af857b9a2e0b67
questions/page_0986.json	question_page	163567	50	e2ad15b94f5934a0a9d71d54063d3f20ed6211414a6eebc0c32d2532911c8a38
questions/page_0987.json	question_page	156519	50	ab3cf01ac36e0fb515d3f0e5e1b53e553c921a30bbf5ac798bd912e7a07f5a82
questions/page_0988.json	question_page	162083	50	9ab03d7314c31702905b9ed712083face9f9ddb02eba18e8a63ab533156f5317
questions/page_0989.json	question_page	140994	50	7151d7087f55b03bec38d96dd23e8d0ade5cd5d0125c9ad09d0d92c8ec6c1e67
questions/page_0990.json	question_page	171315	50	419f5960fc09c2fe3e1fa02a1d311b9bf65cf1a0d2d31e387349ebbef3f108fd
questions/page_0991.json	question_page	150356	50	94f99c711f51cac6582797173b26655e787eac4d423be894f15405cab430eb20
questions/page_0992.json	question_page	172596	50	4501c0c4c5651a4a33a814a279b285d9f9c740be54f6c39439e4b43e272ede5c
questions/page_0993.json	question_page	164073	50	763b45e11dc4a2dc210e5cbdbeaf68fb591bf4cf057ec91d0561d2c2a3751e29
questions/page_0994.json	question_page	160141	50	c251a4535a2df6f5f51e8f67351ed05cdfbb13bdf6389fd7e9b759fae11c18ea
questions/page_0995.json	question_page	160370	50	57fcf7f4fdc03d5f943ced686cf0bb2f3eabaa81d15283bb179a93cfc1886a2c
questions/page_0996.json	question_page	142052	50	01aa028056b87eb90b55746dd70c5ba67810e7a01a0dfd2a668ae6e2b02b50c6
questions/page_0997.json	question_page	170178	50	15d6a970a60b859b82578947b6590626a2f7336fc9fd7265c543b8f16128c4c6
questions/page_0998.json	question_page	147811	50	c169618970cc674c93bc9c0cfaf60d2fb87fef42b3e92d77f8ae0405526140b8
questions/page_0999.json	question_page	175605	50	0d60e4646b9ba3fc4b304e125154caf93a6f9d53d1ca1abc84b8b22786c36aa2
questions/page_1000.json	question_page	161199	50	ddeb775c1b915d4d8441936243f1c3e3da3c0f80f4ef4bac2b14314c07882a58
questions/page_1001.json	question_page	162286	50	b01a81e2e6dda81d979c755956fb18d524aac39c76ec54b56c3352963a12ccd6
questions/page_1002.json	question_page	157703	50	4de9bcde0415f96f134cbe7977ea967dbb0e836a349fa793c21f09d220e7cb2e
questions/page_1003.json	question_page	147261	50	bad30ee09d7027d1e5e40a446f116a3bc706c63cea01b035ec4c6b3cd91b7723
questions/page_1004.json	question_page	167012	50	951552794b6d9e4196a887aea002d96f09a50526ee7e0559f6fda3237dd33337
questions/page_1005.json	question_page	144366	50	aacc5d2a6d15185b0fe04af23f6c552d200bfdda40464deb5c8d9dd0b4e709f4
questions/page_1006.json	question_page	178675	50	150436dae8b0f4f2ae734ddef6820e481816a77fe7c22eec777d37b7af3f82ea
questions/page_1007.json	question_page	154115	50	5f530bea8d29d50f3b67145528eb39f7a427e8d9605b2fb9fc465f64cd6d933c
questions/page_1008.json	question_page	163942	50	a271b28a6e78bc2825f61320388b1390570fb5ddca33584e007e43bdcc6672d6
questions/page_1009.json	question_page	161886	50	b0df1ff8b5a83d30682e1a4e479a2e8869cb2f134fb124a05347601d5ec8540b
questions/page_1010.json	question_page	150211	50	10ca554d3c4f908246e73b3273042b3db7249e51c6e5520fccc3d0b88c78a341
questions/page_1011.json	question_page	167582	50	9239742b648955f3b2eb79d49897a6b155979d881a4a73490d29502f7f568782
questions/page_1012.json	question_page	139960	50	c733326a14b4dca7d6e6b3a9197e17a24602fab0218120e42422e19cac57c7a7
questions/page_1013.json	question_page	175398	50	b3373fcb01f649877d8ae36a620547a5a3241bfbbb9b15872b89ed6ea4a7ddbe
questions/page_1014.json	question_page	158759	50	d6e2db7d6e4a20471ac8239736d991ee18d968fb439c7b485e085888f8cf131a
questions/page_1015.json	question_page	165471	50	3d0cbe1cbec3da7a44b97ea61e32e1649fb6b00b98b361306e431c6a8d94dd3a
questions/page_1016.json	question_page	161781	50	4863a37c7b2035c7be73f452e43a8c7b32e6f90c0050b101ca0c83a943fd984c
questions/page_1017.json	question_page	152846	50	3c222c70f26ccb3c1929c7c4f35cba7ec13aae20a9a1102462822253175a55f0
questions/page_1018.json	question_page	166115	50	ab64550d9667d75b5bd6179d97429693b2a0023816e4b276656c9d75aa2428dd
questions/page_1019.json	question_page	134935	50	f541cab5da1340f9e08b6e87e84efc11ff32e9d1ce789e9aedf8fda2dc7817fc
questions/page_1020.json	question_page	177541	50	45fcc98ab37d8d382294799188d154ff4d206894f6af0f6e5aa8606980a85d6a
questions/page_1021.json	question_page	154950	50	1bbc097a426e41ac1b0872597006ccfe167911c468d7d45971bc01225134dcd3
questions/page_1022.json	question_page	168389	50	1e34edd842baf3a76d19a5ba198dfc211c2170037c87e478f4a68a95138e1808
questions/page_1023.json	question_page	162359	50	aaf1bbfbcce43dee6aae4fe7050a4ee809d97b51b01b7375a217335ec6304d97
questions/page_1024.json	question_page	156735	50	d5df1e1418af9a5de651c8b28345f5fe6433da32a2ed68b08049a1621c0b682a
questions/page_1025.json	question_page	165008	50	a3f17c1fb21226f41d954621aa24fc32a987307df29ba8883e689c8265aeec2e
questions/page_1026.json	question_page	137431	50	c410dff8030f9bdc6d7ee2a9c818b70d6eba28d8dab020207d2cf98d486a0ecf
questions/page_1027.json	question_page	172448	50	b34821a4602409ced248cd61fff75f8db37ee3767bf7ff7d286cffbd0a5f3937
questions/page_1028.json	question_page	152074	50	ee3b4a1a32187dc87fcad4a8dec8109666f789ee380df11e9910f981c5567419
questions/page_1029.json	question_page	172237	50	25e8e886cd3c3f3ac83d1b5e565ac90947cb870e896563f797e7eedeecbf1a16
questions/page_1030.json	question_page	162867	50	521c22ed94ab41ed7ef45fe88a0b891c2140bc3f3ceb2ab8a7df4e81348290ac
questions/page_1031.json	question_page	158320	50	f3a304aa8d7c39db6d81008bf21f24a0eade4daa3ccaccf879acac866d46d5fe
questions/page_1032.json	question_page	161748	50	041a49a5fc8d9e00a259018663cd3ef6a6895bac6d2fb302e8ce22413c9adf13
questions/page_1033.json	question_page	141548	50	3defc7391b7ce988fb632207e229f07af7f58a27ff05bd125749f767018c83a9
questions/page_1034.json	question_page	171912	50	54278cd24afae001efb310bebc23f33bd284bbe41b4c09e415e0065bc9c03b0c
questions/page_1035.json	question_page	145395	50	75b0de7eb7f6a93ed4224019f58ba6acba433f6ab5e3ea198eeadb4875e1403c
questions/page_1036.json	question_page	175584	50	781bb624a942b5a3663c65395201b1338814968741a80b2b6b08788c0dd517c3
questions/page_1037.json	question_page	161200	50	bfbca53a7439900e1a6d0a968a1ebbbabc64f3f33ad527eeaa777e1c5c0c0b6d
questions/page_1038.json	question_page	162286	50	155b9509d589d2d8a4337c43af57538f1f522196b07e7a61016feacbc0470a97
questions/page_1039.json	question_page	157703	50	96d6e9e0bb7713a8b8d0715b57cb9e96696094972df52aad5cd8ba4fad526377
questions/page_1040.json	question_page	147261	50	efb9e0c9af19a9d92e83d1ba8aced7117b8efe1c02e3ba7ba149d4e7a7ab468b
questions/page_1041.json	question_page	167012	50	2a02254139f4c96d0014324922cbbf87a5d39d1a03c81ad46dbbf3d1b5a52870
questions/page_1042.json	question_page	136686	50	9674cdf56404eebe93188702801fc9efaec4b4c9355bbcbe6b4ba3a39571e6e6
questions/page_1043.json	question_page	91373	50	e0baf2d06b92135e58eb7554217e0a3694aa4cb9b3a7ef71162af5a6ca5e3ca2
questions/page_1044.json	question_page	81817	50	135c3c87a0315d45dddd264e48a505fcbaa69426973ce94d8e29fa16614959fb
questions/page_1045.json	question_page	86080	50	f4fbfb41a71d503681baf3b94f3b12dd9df639dd28b8a8f629c5373cd9b91b3f
questions/page_1046.json	question_page	71787	50	d97f833477a8ecc38db4be8af488f481b6ff172fa56b04f0d5e04262ab6571fa
questions/page_1047.json	question_page	72061	50	b0de1305345da2312b371a3a6c9f02b246a385f0bfcc0189915177f06f2eae45
questions/page_1048.json	question_page	69048	50	bb2a1b30842c7c98d0451627108db6cb5e0c00eee619a36d7d11eb0ddf549256
questions/page_1049.json	question_page	73975	50	b61eeee8853c7b48d9f4f3aca708e35ed1aa7498f79f06ab54a05f2728a8d08d
questions/page_1050.json	question_page	75124	50	d0eea7fff7f1ece47e9af013536fa6f9d46ff1103facaf556d006b73a2a10222
questions/page_1051.json	question_page	64289	50	03cd2c133eb1d4801cb44a8e77337bc80855a3931e529700a48762bb144ffb46
questions/page_1052.json	question_page	72696	50	71a905fdcb89176c1d0293dfdc5ed62df1c8c10c66baad80941014900494744c
questions/page_1053.json	question_page	78756	50	8dc133cddcbc6c9d283eb7b231dea30a65bc6692277be5a2030a63a034a0fa3a
questions/page_1054.json	question_page	88069	50	274ee4bdc9466e796bc931aa89b34f9fdf22f915e3185920d53c0214e0527932
questions/page_1055.json	question_page	83364	50	263dda01d195410ccbf46ba7a628f86020c2288ca7192b0fe00664e4ae810435
questions/page_1056.json	question_page	78034	50	d3a6a20384147ca6c14e319676525b6210e799cba2a71ae516a09a08337eb5ae
questions/page_1057.json	question_page	81610	50	3babe928ca2fd3f67a16502267d866a27a7a03aaa84142d940cc021c150a7b01
questions/page_1058.json	question_page	67387	50	f923f25daca2408c562679cfa9c83a91bf165f86717a83ab91e4efe500dc083a
questions/page_1059.json	question_page	75802	50	640d8c7d8f84c69b8be63a582fdfae1ea941b70edbd5717116310e7fb11ee80b
questions/page_1060.json	question_page	84417	50	e080fdb85e4bc794579bc7b7c41660443215afcf5a5f2c26e9c4a78cc2ae9e15
questions/page_1061.json	question_page	66728	50	01b9d04805d90e0ce4ac0abba0c181d17413421d9367fcf88adcf1898e04b4dc
questions/page_1062.json	question_page	72418	50	4937caac95f3aa68fa5f15353db13293d396f24a8ba5af56e53c56e208d70e6c
questions/page_1063.json	question_page	71296	50	68931f2dd764c8c23a8a81a814f671c001a45692057ace78637484e08fe9854e
questions/page_1064.json	question_page	72599	50	2d2f2a3c48d0219779de237a8b405c05dc7486b0993e17a35a6fd709e34bba96
questions/page_1065.json	question_page	74304	50	0d2b85fd2c8fcecc76ef56751dc8d63136f03cf527f352f3a523a627bfbd5a0d
questions/page_1066.json	question_page	78921	50	09906e97069e3272ae044240eccfb5af2e8e05d650d6dbb10df67495bee816c1
questions/page_1067.json	question_page	95758	50	05f955f9e73beae22ae075555ad5107a42c63f0affdac91fb96f32eca33693c5
questions/page_1068.json	question_page	86176	50	b8121cd7da6cd3fa8651d306768ebd21c753f3f3854cf7898caf5ef74e5baccb
questions/page_1069.json	question_page	84296	50	afa2b0fb3962de5bccdee3a274976730852e95019c08295b989ddc6f85210622
questions/page_1070.json	question_page	77944	50	813da77c9e3d6af45b8877d163114d3a58547039333bc5dd9db2a57e21aefa57
questions/page_1071.json	question_page	67102	50	be3ffc9c3995f402a0876390450af0ff3e6dbaf1880ad5ff998a6a036bd45e64
questions/page_1072.json	question_page	72820	50	94b1ccce6686259da42cd39629bde59feec7079b7eadee509bb9912f178b21f1
questions/page_1073.json	question_page	70516	50	3f5a578683dea1db16090aba390d542b8046a87b13c68c59f81e3b6a13641cb5
questions/page_1074.json	question_page	64368	50	140bf06dbd97df3aa5c33c78197d0d0e321a0fb5b52f2c2dcd3bb0c183c8202a
questions/page_1075.json	question_page	75352	50	24aa11e2e60cd2367c028abf288f1ac69a10a54f51b3d34e852ab01fa57679fc
questions/page_1076.json	question_page	69794	50	ceca7117186c262262f53a517dcf32bb29c35c49f2b505351b58abd4581de81c
questions/page_1077.json	question_page	70762	50	f91198760e0498cdcb8458c1dc9385cf1dec855364df98c2b1a4a676107cc4f3
questions/page_1078.json	question_page	69577	50	e225ce9c3b5142f31436bc7c10d56efcc0abaf789a9a2f0f6d9d28015507906b
questions/page_1079.json	question_page	73955	50	156dfda1ea5aadc0e57aa9bd8ca29ab7cee69b5637307d8d3b3e0c7d6bb01e21
questions/page_1080.json	question_page	64262	50	67ab56f8e810d79af4f3adaaaaf711dce972370fbb229d5dfa572764c02b286e
questions/page_1081.json	question_page	62918	50	90e846575a35903ba9509a3f1ef7183cef71483694c44907d9f5d86c85785e9f
questions/page_1082.json	question_page	68862	50	adb8674b35a49d89869fc522929412981a66635b8aab2b34997a072d65a29a26
questions/page_1083.json	question_page	60990	50	0cc41dd76fdc147b0e02051a25ba8cb5da69384a528d49a7e3bcc80d95cdbc03
questions/page_1084.json	question_page	66513	50	089b3955acab0efdb534bb862fc09f462acf03aeb6d4833f0902e3402308c0f9
questions/page_1085.json	question_page	60335	50	a309f77cebf602fa70d724b462162937684b98f10fe084da44891ac66e9314c5
questions/page_1086.json	question_page	76440	50	754955b3e32f4dbc0619bb7d1a2e187e818a521634cd030f5c5ffa7a9d1e546f
questions/page_1087.json	question_page	66448	50	02b87a1120e0b1b08bce583dfab0ac23586afad9dd801bc7d93e9929831ec515
questions/page_1088.json	question_page	55949	50	35813df7737c5b2bac8ecade8aa45e012ba207c2aa07f11daff0023d6ff64e65
questions/page_1089.json	question_page	63165	50	4e347a5b6706cc8dd773ae57b251e7cccf49df19f052278c1203a71f02cd5b71
questions/page_1090.json	question_page	70802	50	9f221b02f2e5708aae4762d777b39c15e668f180befb05fa7a7495bf68711db2
questions/page_1091.json	question_page	62720	50	4dd763a324e69cbf2497eb0e5c9b55385e1c285d3d8552332b53524ed01aa3a5
questions/page_1092.json	question_page	60959	50	0c251b3d3a18ce5e3572435ffd14812fa48a71baaf30e431405a8e05d26ecd65
questions/page_1093.json	question_page	59069	50	18698bed2eeee961fb1ae48582ffc0c99209714b93ca45155881a1e9e0cdf7cc
questions/page_1094.json	question_page	78980	50	33bbf367d7b3965db4a9329be813b07a6fd2b169587dd2a8837c1da9d7ce4f59
questions/page_1095.json	question_page	76086	50	f32fb86d06da8e0b2979f26e2d16f7c0bd8c8330eacc2ec93bc23c9f43abee4b
questions/page_1096.json	question_page	65229	50	2c9ddd2d14b46b71016dc60a74d82394d70bce8232f61ae08912eaaaa3e25a80
questions/page_1097.json	question_page	65999	50	c8a66df565cf51d45c2d4cce139f3215b936b953ad97c7e03c605e3014e6d6dc
questions/page_1098.json	question_page	62535	50	c2decfb67cfae964a5b6141b8d0dfffae084b174245a6b09f6dedb1cd8fd540e
questions/page_1099.json	question_page	69229	50	6be5cb56d98279633639ef0af5f3ca437760c8eb736aa76b84233fd3dafda336
questions/page_1100.json	question_page	65998	50	dd6ced92e5d479cb6da18a4abd9e46c550c03605446e27dd20b0e5398f0a7609
questions/page_1101.json	question_page	64425	50	56363dfba6eebe15462984a129503bf39e823ad0144501f047ccfc9bc6a2d893
questions/page_1102.json	question_page	63987	50	6db2e2b33d1a980550f23caa25a701a649933d298311ea7afe0c4dbe03e40e29
questions/page_1103.json	question_page	74711	50	35bc9d7a3416168bcd978e9117526389229ca51e315ea1677041626bfbfba006
questions/page_1104.json	question_page	78663	50	950f38d98bb2988ac36b294968b99c1853ba746aeea7737f18fd66d2b70e9d64
questions/page_1105.json	question_page	79839	50	0caf7181b58c0fd1b9cb243d8b6a034483aca3ec445a203c0a905c9780230f56
questions/page_1106.json	question_page	128539	50	067175cbaadc2c6ada2dbafd7dc310423b338171f3d0ceaf9d52ad1a30ce07ca
questions/page_1107.json	question_page	62434	50	f23b01ac640c6dff22bee72187c97dc33f21555e3d66897f54d65730c9e27765
questions/page_1108.json	question_page	72947	50	f578779840e0f7499214adcd148107ef76c64a06fd3517d456ecbb9146b693f8
questions/page_1109.json	question_page	70785	50	c43a66ac1b3e028b8352146b29ca14304e6a645c12231413eb9b578d680b68d5
questions/page_1110.json	question_page	86849	50	ecdc8956dc1a478dc7d66ef426180d4dbaa697010eb5d011024103104d03c605
questions/page_1111.json	question_page	80412	50	87a4962a7ed89a6398188ccb0f87cb6e651595c862fbdf32d61c44ba8246b9fb
questions/page_1112.json	question_page	69233	50	590c74c87d9c76591fbd5351a4098ee8e0a61652734a79b2700e559944fcf995
questions/page_1113.json	question_page	95656	50	1634ae8167fba994494642768077c5cfa27eb09f219d12a1a797470e89b62a48
questions/page_1114.json	question_page	81532	50	e70a63c8d8f11b5f96bd4810849b793719bf0bfd3f6ce94fa0f02421e8b0b0db
questions/page_1115.json	question_page	74451	50	8f611b05abecbfa8d07ada175d747ac96e7f7140c21aac6608b7689c43358b20
questions/page_1116.json	question_page	92728	50	9ab95e96efa202fca703061d23c9e664576918424c02f30a4b303069bcfd2cb2
questions/page_1117.json	question_page	65400	50	f3f8705aa85ae21b904f3e257ef1d4d7e5becb55c8d2cbd35774fbff78a4c033
questions/page_1118.json	question_page	68898	50	3ff4ec29cfa9227e1b1f99665331e013014c256182d79a7265c41a65db74ae54
questions/page_1119.json	question_page	58495	50	3f79cd0f9debb267f2c7974ecd69dfd7ba625521ae6003ba76d361840b5bff60
questions/page_1120.json	question_page	81543	50	d97b240550f6fa43dc1162ff3d949c8ae78980d8fbf23e5cbc5feee6659daece
questions/page_1121.json	question_page	88882	50	ab1a59eff1e94ab75e2df7b3fb64a96db362f2152deac89311df1df4d6da53ad
questions/page_1122.json	question_page	74367	50	c3aafff7e7f54856ff4e3f8f9d1e658a0a9973e19818ae6503b2b6a7f337e25b
questions/page_1123.json	question_page	74742	50	4631bd58ffa716f1f7cf542bcab57435fc8ec6e1ea4b4d4e95bd946c68404693
questions/page_1124.json	question_page	67277	50	4132f75eedb2e7b80c06ea2d17de8f69b51c298a8ec7c9f90176fe09cbc63c8e
questions/page_1125.json	question_page	54153	50	0a3186d8436e9ef56d58f64ca296623fb2eadda139b22a472d353df168a24a93
questions/page_1126.json	question_page	55689	50	d4f0e0849546c0dbc7e2ff3975ea49f1802efe64320be9e6482eb8f3fe15cd5d
questions/page_1127.json	question_page	59935	50	de64194dc6abf6c74ee6a731c95a8a72ebb041741d0862b932b343d8be300aeb
questions/page_1128.json	question_page	45045	50	238b7081bb765eaa95c218d23347c4390904c75c19b834930a718e19c7f8dc4c
questions/page_1129.json	question_page	73261	50	f2a18b2ecff13bdf97a66222be8d295fcab7b2e52edb712f02d0f8994bbdabb7
questions/page_1130.json	question_page	76007	50	57cc7b19fd0b13c3659ca3b8890b6a76c268bbd34c77bbe124368686a9590005
questions/page_1131.json	question_page	57260	50	1de31b0d6dbfdf87d813b5c92b4b6a8a4f052556c42c217272c65f1cd892b25c
questions/page_1132.json	question_page	72417	50	e36abb8cdfa9ef869332bd62b9d98f4f96852ef6218893c049dafc4be56d83fa
questions/page_1133.json	question_page	65568	50	0340a16848563efee7d54152129564175a55b5186dee0952d999a79d3eaac380
questions/page_1134.json	question_page	68322	50	7a54e932eb8e5bd06e0f33701eea16a0d469ea4994940dfddc466bf9d7fa266c
questions/page_1135.json	question_page	46641	50	52893999878dc9dfe00bac689ce633056b370d1949d92d2b4032cf357641324d
questions/page_1136.json	question_page	75280	50	8b30e9f459397bcfc5f83d7b0ccc24c4c68e18c41a04e459e28eb32e62ea2c26
questions/page_1137.json	question_page	48768	50	c7d7861d4c53e9072e11eeaf85c1cc501df9d02e06ef605f755b56e177bf62d7
questions/page_1138.json	question_page	66632	50	cab68154e9425be0fecc7df11e77261a76405a964e4bd84f3cf32ab8f7a37813
questions/page_1139.json	question_page	59900	50	e9bb3957a659a0f7157c5183719f1607cdeb34320a6d32191cf63c271e79f689
questions/page_1140.json	question_page	37787	50	e43be8a5ef20e81fc9ab5ee7fe2118e27b2ec083621823e89e4e20de8e76dc4c
questions/page_1141.json	question_page	51864	50	3d62693f6531c9521412476bd6c9effac9fabcc1e6b94cdc6184fdfd8310f6b9
questions/page_1142.json	question_page	100234	50	84b227e1db894395f57a0dcc52f1139c0e14edcd3150d1cace0c37bde211c17d
questions/page_1143.json	question_page	62805	50	217831408d5f452afe82dc4ab16481c8edbb01e86d7085ad900a21b70f3f3b0b
questions/page_1144.json	question_page	74073	50	3c48d6ad7287d01ac67076405847f52a3ee87ab857e6c124c044a63fe34b87c7
questions/page_1145.json	question_page	67159	50	1ea9805cf7ad81017855d3881ee81c5e347bdaa5e363d51a5592ce4bef60b3a4
questions/page_1146.json	question_page	59148	50	892c8feafa8483d2c36faca462d57f10a9dadcadfc15fe067313278dda99dbbd
questions/page_1147.json	question_page	88282	50	7b8cd2db74c540d28475bd7b6a17025ece6a489b73229d1b1e1a4b94372f4433
questions/page_1148.json	question_page	48632	50	1af8a39ae9e2c32a34b53802f632e37eafad37590521343c659befbc9c0b0f38
questions/page_1149.json	question_page	56213	50	b813be100d9d00566f4d2e5c9c5ec1109d6350c97608afff2a598ebf4ee23239
questions/page_1150.json	question_page	95437	50	f9409d1c64ae2507d15fa106a603f77e5f12da1f3757267cbe2209d4c32ee1d1
questions/page_1151.json	question_page	52798	50	f233eced76ab7a1db76e88ec1e87b01653811dcc806160f8c07e3576924174cf
questions/page_1152.json	question_page	66573	50	9c1b713eb15e5be37f2ab53a8695ba97611cb626dc7d15ee15f82629375b98b7
questions/page_1153.json	question_page	103432	50	d8e84722fdbf2ff61ca0295e2c8e1f11f77a3b6ec169884b0d377ed98e396bdd
questions/page_1154.json	question_page	68953	50	295a9c211a9932f8f68e45108119602245e570ddc02e7a0f5914e252d74ebe77
questions/page_1155.json	question_page	59510	50	1242d2c05e94432b37cb7c020cbb01f160b83da3069cc7a281105ebb08346d65
questions/page_1156.json	question_page	91390	50	f1fe897ec65297bebe241b60edb184c609b24a8156c45ed9c05c536b16b4a164
questions/page_1157.json	question_page	74410	50	b9fadcae48642dea4b947c6f726c2ea06b14bca4bddb26aef172454b0f18c01d
questions/page_1158.json	question_page	47525	50	709261a82fc2cf4968bc061e30ddb5cfa4a841cb26e5250e8b69942681350fe6
questions/page_1159.json	question_page	95602	50	0f4621fdf2eee3ac72be7029a279e6337a39811a5fa44d01612a109743f15957
questions/page_1160.json	question_page	72990	50	a91ca9e1655ecee54bc448c80ada4f6bb031e58dcc0e0e167495aee075c92b9c
questions/page_1161.json	question_page	45429	50	ece8916b658beaff637b6d1606e8033ad1d83d2d8e35480ac65378d7b7161b12
questions/page_1162.json	question_page	82368	50	d5ce0b24aa5b19dbcb5b2592043b628febf773fe93f7f8b12fdba76cc5951ba5
questions/page_1163.json	question_page	73391	50	e994477f69d890dd8923ce6cf7ae2ffb72bda804a7ba45ff28615166a9eb9ade
questions/page_1164.json	question_page	44437	50	67f7a9f4f321bda15d09c5a2928cf98b902438782da4748d4fea404e6bb8968d
questions/page_1165.json	question_page	77205	50	ef0ed46ec0b88f4e55975509ffbb35a7786cb1795c73ee4c457354e8cc5e6281
questions/page_1166.json	question_page	73673	50	eaac64956341f128804b01264da4851deecb33be92def9e1ce0cafabc87ace0e
questions/page_1167.json	question_page	41745	50	04783b218856d85a7f9601c898a58315b727e5fc4b69979a24f1fdd25905e35d
questions/page_1168.json	question_page	72894	50	a12f866c0d94d0f496b044f28ef2c2193d34efaef3f4843ad5ff7d906ccc381c
questions/page_1169.json	question_page	70640	50	56aa62f521767a59dcfcb358925e8000df8a5820292b9277788abc613ba2e936
questions/page_1170.json	question_page	47985	50	bd1b28b70ac690a4936b2ec607767ade987118eda850ecf7d461dae19ef1b04e
questions/page_1171.json	question_page	71515	50	c883e22a589231b9fa4224827711a695615cee75204a3eacfc52dbacc4914e54
questions/page_1172.json	question_page	78427	50	b9035b43cdf0270ea985c3466a3a9ddea669b0691cb2ba0e37e1259f9646c52d
questions/page_1173.json	question_page	47136	50	87628f430f09216d38de8e0ec4727f8c0ab1106031c8193d931a15795bfa60cd
questions/page_1174.json	question_page	69742	50	00631a5a75de10f222e28c4e4f80a78c151d9e93d93fd4a49bccf3f38e66eee9
questions/page_1175.json	question_page	65164	50	d0bfbf8287e428d774bb089a2840843b9d845f6644e74dc0b6def7cf15f156bb
questions/page_1176.json	question_page	56648	50	7ed4d9b394443ae61efbb9433850b4ad1fb8ac75c3b97e9e92a5c09ef193431d
questions/page_1177.json	question_page	76467	50	581fe08f713ce0a3316cfd9e9b9c2c8e8c5566bfe1e0bbe5482d78d941ac8010
questions/page_1178.json	question_page	57386	50	9b3f6b9fdbb722e11dd98ac5e64c2e96edf35545c5a18a7d8a22349cc65f8241
questions/page_1179.json	question_page	45897	50	dbab574ed4f35e42bbbce252674e004f0a67e65e2555e0afd400b8a57f353556
questions/page_1180.json	question_page	79016	50	4bef18048da7812ebce4bca20f0e081400d5259f64abb90e929cada1e4f61142
questions/page_1181.json	question_page	66288	50	253f386af239277dc4d62a6215e726364d83c67c0fc67f658a955533f8ddbda1
questions/page_1182.json	question_page	50054	50	a3560cd6d96abdac44d1340b392dc9e9787cb6aebe150fbe2570397d0306259b
questions/page_1183.json	question_page	76192	50	342e7d56154ec04fd738ee0b0f2e7f713aa6d3b76491f033a2e0845754651eb7
questions/page_1184.json	question_page	63508	50	ba2641440d8d338630466ac82564fc576ccb5a10688bef40bbf6d135c78721a9
questions/page_1185.json	question_page	45776	50	011f34658511bf001a7f69c98850d62837f516f38a9021390aed7df4704f0a45
questions/page_1186.json	question_page	78903	50	9b4a0ccbf1a8cd01d5f304a91b4c5fd6c367ea02db4f46b27dcababe702c0618
questions/page_1187.json	question_page	68299	50	fdf511d703a64ad92d9a3d61812b4d698181f9db16440db0df1eb3a3c0dd624f
questions/page_1188.json	question_page	42975	50	223e8845f8d05d9e3334b2497d403144af0938452a24095a87eb3efbe1dd017c
questions/page_1189.json	question_page	61167	50	529a6e023bf404f6cd02595e871297d18cab36d1bf47c140199f8ecd749b5f51
questions/page_1190.json	question_page	55157	50	80ff3875ebea5b75f81fcf053cbd02746eb6d0b921694e96fc45e415276b1b65
questions/page_1191.json	question_page	61920	50	1ec503c2181dff047353379bc8204a0ca708d6d4e2e1571e2ddd1fb4a9a93f47
questions/page_1192.json	question_page	53380	50	c3a8f6f5a408b94c02e7a11bd40dfadac6a7448e21ff71e501e6aaab046c3dae
questions/page_1193.json	question_page	60094	50	0d0baadaabf76759ab626843041668a0ac123e43537a21b2e9e03ed0a1a35235
questions/page_1194.json	question_page	48276	50	80de185f25ff765d068456fd6bd2c8d9e17b80680689f69f0d2c81710c35dace
questions/page_1195.json	question_page	60769	50	fcb8edacaad183a456a3d59e213b5ca792ec49b5ff26f9e24f7b32ac23c2b42f
questions/page_1196.json	question_page	40548	50	09ef85ce7975c7dc32a6d9d5a9301a27697c49aec1adfacfc66f70a3b39cc277
questions/page_1197.json	question_page	55161	50	8729711aabaf071729aea5b4a0bdccdf34380adcc92971572e487bb5acb69b14
questions/page_1198.json	question_page	57442	50	3952c825291d6ffe4813f6be168cf912d4954474c30d4f583545d6bad7bf1780
questions/page_1199.json	question_page	61262	50	be9138080315cb4392f61ff3a2325311a76e0f5961159aed5f51fadf5bb81938
questions/page_1200.json	question_page	71923	50	75a88998d0a69c1c7b72d3f262cd487b74f674ce7f5ee0ddadc6c9df26b8118a
questions/page_1201.json	question_page	66544	50	8fd4d9289cbe791ad54fcd7cbbe84aa7a1daa4eeeefe26427261cca6809dff35
questions/page_1202.json	question_page	47164	50	c075c31321384c05f3134a8e0da23bf4e5da8c87a7324954ceefe1321aecb55f
questions/page_1203.json	question_page	48346	50	9388c323fffa910feaa8fcde7e8da888ff3d6becf55196570ba05d3735dc4a0f
questions/page_1204.json	question_page	49304	50	b0fdcdcdac033984628dc2c37a4bc7bb0faeb298c195a7534b0fa79baa5b9add
questions/page_1205.json	question_page	59164	50	1c433760b945b0874f77040f67dcd879d97eea9129ef9190535e11f93f44c0e2
questions/page_1206.json	question_page	48950	50	49886cf834d0b72667f219cd6bbb663ee81d299e4508893aee3f5f0376fe09d4
questions/page_1207.json	question_page	49668	50	72d39ba72357580866acd0b3c0e6d8e99f38d51af9a1ab6bfdbe6fd9257de7ff
questions/page_1208.json	question_page	43947	50	094f5f060775312f14cbffc982c4a9aa34d7c962ae369d87565403042e7fefca
questions/page_1209.json	question_page	68996	50	65542345fb4ababaa669387888d34eac77034f7a5bd2c74ed2d09c8a4c85f131
questions/page_1210.json	question_page	48852	50	fe7fa0342ef80d945b323476ab486ad8612e687ff93f0c3ff615d02f4d74a862
questions/page_1211.json	question_page	49507	50	9020ad87081f386a5e5db1785e4614e790bf1fce8ac5ab2ada010ba5a3e07f44
questions/page_1212.json	question_page	53256	50	bed274f1b635f038b605b6cd3eb966424a0def259b530b368c2b619bdd783f08
questions/page_1213.json	question_page	50536	50	86260bcb3ddb4f186d610a74c0b42a4a8d98600503c13916f3aae640868f579e
questions/page_1214.json	question_page	33510	50	7350d338c25034e839ef8a403ecc113a4dce405d347306e5a282454763690fcd
questions/page_1215.json	question_page	60185	50	3b4e2ac3d573ae4e67574044ff5d0e2e349f3e279a0082da16e99ce3d2aed78e
questions/page_1216.json	question_page	53055	50	80e5ec4e16643f6a8c7b352bf19826540816a42200d683ccb72d54326e6393c6
questions/page_1217.json	question_page	54751	50	bb519ea67a94d116261f2fc97e41826eb11b852b4857920e293a329c2c5bfbec
questions/page_1218.json	question_page	41922	50	c8889ce2f001f0e42f3a2a0ea2c670c4097ed204609037436eb6194f73654d19
questions/page_1219.json	question_page	57200	50	bf7a8b086b4428a96e9bbbbc44ba5fdbeb96fded24f879354f3b03152beb44f6
questions/page_1220.json	question_page	42342	50	79b4391abb361d3730196e404225de6f6d5d3e0867e1b8bffecdac67bb0a64cd
questions/page_1221.json	question_page	54448	50	04a5aa57e3ba8b20ec9419f66ae07cea64a3b89bade5c11e46040bab3ef8d911
questions/page_1222.json	question_page	59548	50	5b39ade211acdaf6ee72cc022922a7801e3d8b1c70ce5072e7180139fc04c9f0
questions/page_1223.json	question_page	54719	50	d9c2b617817a5a59b01219e01fe20e8bf9934dd682f16be3312e31c2c6d4acaa
questions/page_1224.json	question_page	39704	50	7707002216b5c8c1a447917cc0588012bf9e3be1f2f4029694782006632fcb16
questions/page_1225.json	question_page	53294	50	53a5728f3e821f4573b17f7c86678d9d17efc51f1ea643f1ea79c32faeb32afb
questions/page_1226.json	question_page	51660	50	954fb6369afad7075468709111c14fa3d83290efc22d022df09e87cbb70e91d6
questions/page_1227.json	question_page	67127	50	6da0fa07beef851ad8a9bd9dc8aef977a92db21a1a948c0e34ef543b4de06b19
questions/page_1228.json	question_page	52477	50	2d09e6c012c3dd986b76e4b2aa10dd351c9d1c6446ac9559e58a21f2c159c73e
questions/page_1229.json	question_page	50133	50	d49c421783f643f197992ae8c91eaae32bc853a4ebac6caca51c75dea931797c
questions/page_1230.json	question_page	44885	50	1cc05cbc9b315c8f4d7ade35076863b4443b7fd918f50d4cc7e4605cde754157
questions/page_1231.json	question_page	39613	50	e684a170d53477cba27e3572698409eeff84f4991bca7cb3859bda90480c63e4
questions/page_1232.json	question_page	44675	50	3ea733977bbf960a7629260ff02dbf699d2b46e21ae154d099708d90a8524b91
questions/page_1233.json	question_page	43681	50	09d0b9f31cf956a7c4499cb11d6548c222f371d9cbe753ca8915fc88e0a77d23
questions/page_1234.json	question_page	59523	50	082a4cfc4e886b5ae594594170150d343da25da209cd888d9011a7fb3569fd08
questions/page_1235.json	question_page	53714	50	d78e74a59a0639b366e9149af751c1843440ddd56fd8c6730198a1ce770c2001
questions/page_1236.json	question_page	34968	50	abf52aef18287b4bf0987020fcad3057d9120fd842efedda14a112c0f8464fbf
questions/page_1237.json	question_page	32831	50	e48241e1ff0d0e95e9b8e81daeb7f1cec52aee82a1f8a28a0d8d7502b687b866
questions/page_1238.json	question_page	37535	50	347ab5ead6d727b548f1886239b7800fc32219231d05d29b2ea2784685fb416e
questions/page_1239.json	question_page	33106	50	55a11d689b45be8d949fdbf06bf9a5b9c59ba2384b51206e3b8701101fe97e88
questions/page_1240.json	question_page	57817	50	313b16960cfae6d0a54ea87f66d6809a7999c8dcfe5a76f0416adbc0f693e952
questions/page_1241.json	question_page	47122	50	cd97e9e6ed93e6430cd4e4eb3ce703d632c90185dbdb9967e4627b9d236633ec
questions/page_1242.json	question_page	52661	50	423800b25686a8c7cc04535cf2eaac7423c2a31df02e60ff43011280514ffa54
questions/page_1243.json	question_page	37009	50	7833666494b555e3629b7b1218ea7acea28270ba9eb43fef5b5dbf0b4d1e49a3
questions/page_1244.json	question_page	48426	50	275572d600bf426136333282ed7726b7688e8e89fa0e7665b4cf592dd563ecb3
questions/page_1245.json	question_page	35498	50	916414e3c2f83db0aaa1b597b0c9394e27b1db6cfafb62e30173366dd4a7df32
questions/page_1246.json	question_page	53894	50	276eabd506cd97f16c7d15d783d71a2a0115a89e0e0499f8e1261d64f4b267f4
questions/page_1247.json	question_page	49655	50	070e1569ce1d9a103f9767037f3a43e12e19fd709ac00de950ed85bc343b7747
questions/page_1248.json	question_page	56861	50	de647cf1cdc5dc68cd84d783dfdb66458180513ba46ed3cdc8443cd41a991fad
questions/page_1249.json	question_page	55129	50	e69c225106de24967924dc0a42c21c9f0be1aa674044ec52a8081f1db4b9f829
questions/page_1250.json	question_page	39892	50	08f6ecbad46ecfb200f98de589c96b9d0c11ce943f55c3c7a6c32ed0d4592b32
questions/page_1251.json	question_page	57058	50	b621995dcf26ce5a40d3138449b2fd64403d9622c274e8406f7918efc37e78c2
questions/page_1252.json	question_page	46326	50	09ffbe8c4fc8f9a8db97e221cb3af8e3941220ab645e2a1806f740c52e277666
questions/page_1253.json	question_page	58315	50	8c5aaa341ec89c317a0944dcf5969d784a1a81a152a73ba7d677f1b13c0e9b80
questions/page_1254.json	question_page	40887	50	4878c75c65b844a4493d312a737e7312c4a2c74f26ac53eca0ccfcd11eb31e1a
questions/page_1255.json	question_page	42980	50	0124dcc6ef52a634a67cdc8ec2426b3482bc5bd11924c14300b3c616a8768d03
questions/page_1256.json	question_page	38987	50	69a42d0cde1010461354a1a0e6e17e8e0d2ae896a0cb59ad8544790636f13458
questions/page_1257.json	question_page	55518	50	335b0bda3328a5f04369cf9b78c60fd7a31f46a6acba0f59636c99c9a28d7ee3
questions/page_1258.json	question_page	37245	50	385d9718e96c5ec0d33f8a6ea4cca88e914659c8e700d006be15479cc35b0a6a
questions/page_1259.json	question_page	36711	50	62deaf83f3c4fe19b1b66fe47d2bc9e6cfb602f4968f59e0a8e184118e9fbdb6
questions/page_1260.json	question_page	52993	50	24004c764db64492271048b12d5874b38c15287af5eb015184f987bcb05e4c38
questions/page_1261.json	question_page	49275	50	b555e510fcaa9e9398ce10a1ae2afc3ed7044b77b2a498b52d219fe7c87e35cc
questions/page_1262.json	question_page	56058	50	ac149e8d74ce9cca1a90afc45e0a8c4091a78b6615a42a93c85397ddab525527
questions/page_1263.json	question_page	33222	50	92b0850f3c7124e5b7fde539132babb843ed8f5a18edc8ce2341794e1fc24864
questions/page_1264.json	question_page	44663	50	4f0f92520b125332ed8305e76dd4d35daa6337f1fc40e2ff63f3ca8d0e01551d
questions/page_1265.json	question_page	47697	50	ab9f8de90da0e29be9ce505c509c51b190774313c3996066a24e698d3073cbbe
questions/page_1266.json	question_page	55135	50	84a7e3b2c54323b704fce4e9c153dcb78c7dfec00e0283e4d3ee12c0208eb567
questions/page_1267.json	question_page	56389	50	84d3312926ed2965d07d1c09b19474e9d7f0df757caba6cd08cb298d96cdd9a9
questions/page_1268.json	question_page	53300	50	cafaee3da542b280eedf8fe9c22417a5c7320f6aa4cddddf9b6a15f49ba9f17c
questions/page_1269.json	question_page	44589	50	32f8b10286ee8c927d2e02e0c3c966b13fc594755759de63061ce7fb43b9ca33
questions/page_1270.json	question_page	47534	50	2641bd8e4bccda8e276b9836dcd774e9484087ce17ef262f7aa24bd2370809f4
questions/page_1271.json	question_page	41825	50	9537e846491a52fcc9a24f6daedb22ded2b6465d6d8b1852adc6e328c5195629
questions/page_1272.json	question_page	40215	50	e987c56419f74b12eaee0ce72a91d5d8e0d48dd2c591e8b113b86f9b13c5794d
questions/page_1273.json	question_page	52513	50	300ac7325c397cab9ae2d6d1f1cc7bafe6ca8d813e96046c7ee59b21695581c6
questions/page_1274.json	question_page	45400	50	28b210845a323a97949cab7d6eca9def74ef66146f97619b52f2bbed7359f7e5
questions/page_1275.json	question_page	57307	50	fb1942563d337aedea0b5ab3ff830f5168af9a2affda23ab9e724c047ae9f403
questions/page_1276.json	question_page	52001	50	db4213d1d3d135ad5c7befc6756d0fb52c76dc2d211bade87d4bfe3e0ba04796
questions/page_1277.json	question_page	55658	50	05233f8c201ee382baf296bb59d5992bff19856b7d771478fdc864be42760d63
questions/page_1278.json	question_page	52494	50	3a88fef1e228f8174ea4687a646cf97d7925b56c8a5b7b9fb904cfcec6d57f76
questions/page_1279.json	question_page	54293	50	148c68c56df09cdf58ea8625a933c0523a766dc8d8ebaf0952bb9edadcaaf4b1
questions/page_1280.json	question_page	53872	50	ab05fb61a149a5738758a7681ea80bc0166345a6ab1bd1aba1e5eb14d7dd6577
questions/page_1281.json	question_page	44859	50	f93441967ef5d1b6f076dda9889087e34ed915a3eff8b2bf62e7e0307697c243
questions/page_1282.json	question_page	43910	50	8f8f0364c0ff420fe3b0941b5751680ce2047a692990b5c0557eeda16fb9d6db
questions/page_1283.json	question_page	33461	50	979bb6e3a03d2f35f4e18b9f6dea3b47faa94b74c101bd2e3930a216488e2ffc
questions/page_1284.json	question_page	48808	50	762e6a211b549b1732f972d5b067c008dee211385ecd086ec5ea3ac9c7e953d7
questions/page_1285.json	question_page	60796	50	0ebf52b78be62e8a96780fc216dd4f60df7bbff6bf1ac1d58d17f0e34754c559
questions/page_1286.json	question_page	51957	50	fb1723a61b28e2d80cd18beab26c57fbf856f8841fceb2a00d79373fada0b7d8
questions/page_1287.json	question_page	51910	50	006e86eb52890eec163d944efab5c16be37cc96b0106daa1bf28e75571ded89e
questions/page_1288.json	question_page	49072	50	b31626f8ea1a1437b9ec253576a72d932b28f5065b58c921a2fd46c3f7b91434
questions/page_1289.json	question_page	49009	50	e518be3975f5dcfc6de999797a38f9b989f876822567b14d05e59f5e598c0dd1
questions/page_1290.json	question_page	35445	50	645447ae5c3a52b5767c915e486f118bcd743d4d0066edcd0fc67e489c7fbf0d
questions/page_1291.json	question_page	57696	50	fb82bac6039f06a297a1673f958c534618ed18a58e2012140144ccd7a76604f0
questions/page_1292.json	question_page	60186	50	8e03125c4227d32009d25175ff703a26d0fb6c9713763c8e1b9be738aeafe955
questions/page_1293.json	question_page	51919	50	b78d2e856964c67bd2ddcef4a8d81b7391f30590a758ba09232bbbba2a7fb38a
questions/page_1294.json	question_page	51780	50	90c61dcdeb3267d3f0126922326fd4be84acecc3127a135b951f2063a44b38a3
questions/page_1295.json	question_page	62720	50	f625e9bb04a32860d10fde397907977278814b3825bec0688695ea0c1f2da1b8
questions/page_1296.json	question_page	71619	50	50a9309de148682578f9a5819cd30aa708f5823297011b9031cd36627e4edabc
questions/page_1297.json	question_page	66429	50	6dbe40df7386a04b3244f5e8946d7d1fe158f3031f76a21463120c471fdb47b7
questions/page_1298.json	question_page	58567	50	d819faaa7472f55a30dec6bb7a5b08ef54885abd12da8109ed0b51a5ef03bc11
questions/page_1299.json	question_page	69369	50	9ab25fa6469293d656a1221a27dfaa9c92120a3dd2df33dd4f5b78b437a11ba0
questions/page_1300.json	question_page	58875	50	c495198b1b0c513bc9828e6042e8f000aa194e34720b3bea634aeeb9a8f5d602
questions/page_1301.json	question_page	62765	50	e94eedb43f32faef221765fe24a08f290065a12d7e080064723b89cb43cd4bfe
questions/page_1302.json	question_page	62191	50	8e8ff26e23bbbe60efdea5ec4ae03ffff0189febdb87e0dc97f3e594ab916c26
questions/page_1303.json	question_page	40835	50	79179b47737c6fd7ceac98a5aa4ad85b8f04e13696a9ce08acd81de21e6c9414
questions/page_1304.json	question_page	62819	50	ef5771eef5f3c49f44032b22e5eef312fe766ee7074ed4396f0d321c6faeea98
questions/page_1305.json	question_page	61406	50	944350d81d8d8e412d285f2289afabb4cd094bf625ba06077d0d3db2816f0860
questions/page_1306.json	question_page	55054	50	565247c1f8ce611e7903af8f9b055a0dc8711c53c3e8c870db647fa8d743485d
questions/page_1307.json	question_page	67512	50	343e9b134e558dabc53f35f3a47398fe6000a0eaffd5e20cc8a7148018111345
questions/page_1308.json	question_page	43498	50	a052128ec0431155a606898ad90204939d6d823739238f1a00a343ec914ec4ca
questions/page_1309.json	question_page	48056	50	e06d1aa38e9d36d856b44dfc312769858ee262785d770cfba5336c1d15851866
questions/page_1310.json	question_page	55579	50	dc57c678577e90b78ef588b73a953fb121470b6bbc0c51332d91c1e976cf0bff
questions/page_1311.json	question_page	68937	50	30c534381005a03514631747b8b01da8663e2fae720ea5cfd2a66d7d185c8c86
questions/page_1312.json	question_page	48145	50	a90c286ea1bc3f889e03b5cfbb7e11f57fbacfb1b3a2b8626df16e1c70e873c7
questions/page_1313.json	question_page	43219	50	293fe2d23b651a7e8db553c815193db838fe746cfba88134c275809851dba531
questions/page_1314.json	question_page	60328	50	d2b4f2903ae12b8869285b65c3ac447e622ad37e474fd2ab3c5d42ac4f2be80b
questions/page_1315.json	question_page	42997	50	3e382a7556c7b64363678c462004f418319b87d5d2542252f2c169d6193bd20e
questions/page_1316.json	question_page	47568	50	ad2e3084baa814fc07665f9b092a377816e23246e64c5e5855f787f9e91cb857
questions/page_1317.json	question_page	42413	50	f444dab2051bf8e7053a27e6791ea4d37508d99e839fc4ace34f48d0a519e9e4
questions/page_1318.json	question_page	40845	50	3482130872f4c7908b63ee005574b44eb4ebff0b0637dec667a91d06a87ca283
questions/page_1319.json	question_page	44359	50	53938dbb9ca14550760f4530820eeb610471691c6d0beadcd1ac194becf8a36a
questions/page_1320.json	question_page	54698	50	4c65df99b4d40e4b4f2ced46ae2f1f3ebcfa6657d0d4a7a85f5be6839351ae70
questions/page_1321.json	question_page	66871	50	985ae259a60472bc63b76dd24ac97bf846e9423266f890aea879d0e5c65609f5
questions/page_1322.json	question_page	48144	50	93edb72db5e8d57f251109850d0666ef5c5b1ffcef008b9354fa5a92cea3e365
questions/page_1323.json	question_page	50112	50	324df195ca4a240288e9b64bb376166dde20fd7fa471a56fce570e97a7d82067
questions/page_1324.json	question_page	55318	50	eef4762ea94dc43a680b0ab5974b7e88f945fb01dc91476472d551cd41ad1725
questions/page_1325.json	question_page	47714	50	05d80dad5021fa154468420b7b49bf40a78732615a12a6589b1268826d7f95ec
questions/page_1326.json	question_page	73022	50	f12557fb76313a287ee21d192b4814dd1b00ab730a86380a00eab931891bd807
questions/page_1327.json	question_page	57246	50	9371c979743422f0056210a4e8ec34a1148aa25b159e53c3dfb5d8f59cff95e2
questions/page_1328.json	question_page	39025	50	13af8d77c31cf8c36bd4c3ce70595d447e65991c4b6b818d722540a6d94fbe15
questions/page_1329.json	question_page	54182	50	dc496ecf3f348843eeb2b2a897dd2b3f64ea51eeac27a570acd145c41d1cdfc9
questions/page_1330.json	question_page	42773	50	bd7945b659aad22960d6ba595ffe5d405095f35365c055ad01c5a538f13441e2
questions/page_1331.json	question_page	40476	50	efa213f8e2152ca02514ae14aa5bbc8ddf6b23e1eead879f0579eca239a21110
questions/page_1332.json	question_page	48006	50	f8d40d7dd45e2faba4ee1eb60b35c98fc4580896fcbe95821ea0693173034344
questions/page_1333.json	question_page	55033	50	d22660ed82c729b6bb5548e4ab772b7f116ddc4cb80d0a12b9b32380ff2307f6
questions/page_1334.json	question_page	49817	50	ee0eed5b233a1f87ef9b24a80e06900e35fda967caede7d401f59dc8b6bb7024
questions/page_1335.json	question_page	61892	50	fd8b297910f3265565f2052b74783b65601271b303f7e7533e20ba76304912b5
questions/page_1336.json	question_page	35740	50	7b588fccfca8591aae1f8bba8f4ff00aca22f6cb22113bd46b1c2fb72a9ff981
questions/page_1337.json	question_page	39501	50	65cf7528ee4a3b4d212279f24ebe74bd9758379bda3286c1fdfed89a8ef10309
questions/page_1338.json	question_page	56259	50	a1c654c6e86dd58df02c5754541d2743bf49c2b5b3595835e81b306e051b33a4
questions/page_1339.json	question_page	50696	50	9e734b1b673b8b6ec9b59cc6c8f33a957dd8ca403e671c86095f6ce74acd1f9b
questions/page_1340.json	question_page	43827	50	411b592c52c173812fbb7ab29d73c42aaa3961ea72d947f59dc4764973fcdf18
questions/page_1341.json	question_page	47639	50	a1577bef9a823674c948c10e1632f226f6aa0e1fb4833e07e9fc49800ea36347
questions/page_1342.json	question_page	52874	50	38941b2fdaf8662cc3954d5a4c5a597bcf8ef9e9ae429fe928059565be53b0b7
questions/page_1343.json	question_page	41733	50	100a0e957a9cde37f19cb2784b552dab840be67b66a7c448d3aa266d42fe9596
questions/page_1344.json	question_page	42974	50	98e3161d73023d16acfbadeb4fdf65262630aa0fe48f3427952cdd64705e4894
questions/page_1345.json	question_page	48289	50	7b167312fbcbdd0b414e7954ee272cc782068161a40bb5b1db5e1389fc142b07
questions/page_1346.json	question_page	33833	50	4cc895aba37c2c5ba7858e9f0447245ba5780a78a4d947d78dda2c12c1ec61b0
questions/page_1347.json	question_page	45852	50	be22fa5d2c5099323d6107e9974ee55629d96ecfbb9a92884ce7afaa9d4772a0
questions/page_1348.json	question_page	50925	50	f35d7b99c385be589b5406bf0f2e943539f6f28f4147b2cfd68bff8f1f9872c0
questions/page_1349.json	question_page	52024	50	25ed236fc7763791e599734aa8a65280bb59da22e93d5d4ea8372aa8426ceeff
questions/page_1350.json	question_page	49830	50	88d03953206b8ce6b3e439cc2aa8f3f537f37ae8d81f014fede9ab3b11aea944
questions/page_1351.json	question_page	46696	50	24a2fe65b2dfeb3e6d2e2a31eb190cdfc4ea83823b2c315a76076338bebd2d01
questions/page_1352.json	question_page	45784	50	7eac6580c3d44afe4efd0ef7f0a13ab3579ff4d7763cb089c619be571f8df6a4
questions/page_1353.json	question_page	35629	50	8c844be086318f4027bb49af14730cf04318f741fe3937fd21421391b4a1a3f8
questions/page_1354.json	question_page	45110	50	c19c133c4fdea1ee3200c71751cc18263319db3611cc90cda9a9a4a4c2d42f1a
questions/page_1355.json	question_page	47322	50	36f24d8a901844f9567c8a6affa6e8edd61236d8a613684ed20e4c134fe97f04
questions/page_1356.json	question_page	41727	50	648830794d9540616fb249f10662eda23b03970aa2fe62e29c6893029c40e67e
questions/page_1357.json	question_page	46391	50	f3be7720d8c152df32eafb9e9d6065e5872f6864ef8907410b7bea6b09ddf0ae
questions/page_1358.json	question_page	34702	50	88c570212843e863f3a39278fc60f0f57c4b82792183175eef27a639cd1ea0c3
questions/page_1359.json	question_page	43795	50	9aa635a0a3eb1a563f6d0f844feed1e57f15c8e06dbc061c50c7e1af58e54efd
questions/page_1360.json	question_page	42175	50	e039f8ec064ee52f2f6a959cf7463d485952c4e152476e57767db5e69cc1f22c
questions/page_1361.json	question_page	46790	50	e029295aa089f6ead879065e563e9b4887b673e9b4499c0b93de5336753705d8
questions/page_1362.json	question_page	42189	50	b7a9ec673938fd5e939ec510279942cc722d1a2f6a0afb16b30c5284b77774d5
questions/page_1363.json	question_page	39164	50	523c8836c96f0764eca397364db0d6eefdaa962514f6ea8f4b69feb83b112d9b
questions/page_1364.json	question_page	41134	50	195926ae078fa84d1f08cfe240d39ba98d0746770cf12c83655f86cad3ab0085
questions/page_1365.json	question_page	34204	50	980121a71922c36db30e99f806d28a920758b3f0f7354a7e5fbd2b563a4ecad6
questions/page_1366.json	question_page	44388	50	70e86c263fdf8282e247ef2c89d479b39e43cbd73d3b6905221a39a7bcf7525d
questions/page_1367.json	question_page	45845	50	e5c357eac0ccfe738bbd72730583fdf93db8838d64f3052ee7ba8096be3216e9
questions/page_1368.json	question_page	38657	50	b0fb82f5785af3ac3ebf3c1fbba5e9d08fcb557232f9731903154f4bc7490fd9
questions/page_1369.json	question_page	37183	50	b779ae29916587deade189397117af5e9b1e9876b5fc78dc717cda7ddc016c31
questions/page_1370.json	question_page	42185	50	fcee6cdacea5d7487b10071d1c0950370fbe7bb134ecd3e0ddfb5127acc43f63
questions/page_1371.json	question_page	35812	50	9c33d50dec25187b63ea3c380e652ab2dd5d1305635343cae6ca0d692a6138f7
questions/page_1372.json	question_page	36360	50	8bf1d6bd1fd3ad6190815d473b5e7a04f0673702f132b51d604b7470f4ef3454
questions/page_1373.json	question_page	36183	50	50152752281d1081ce7f245e99cce36309ae0372270c239ff07a3a3a408fe754
questions/page_1374.json	question_page	39395	50	a52e79639b24a33ba3a8c5250f23003feeee3d24602d3e0fe77177d538122a8f
questions/page_1375.json	question_page	35429	50	0845db3c5fff50c1be5f350d37016005cb699cdf2f13baad1188eebcc75d1b83
questions/page_1376.json	question_page	41307	50	7159db646226b4be799c92b51c6cece2789a7c581bf59f77e8992eba6a4a2688
questions/page_1377.json	question_page	40098	50	86547ab2238a3e13827df484dc1f5f530c3bffddd95119d435ae5f04304df975
questions/page_1378.json	question_page	36806	50	c59aa355d94f8277c4f89b9b3057ddb8b8521243efd95c14abb8f53c908070e6
questions/page_1379.json	question_page	35919	50	eb02f0c84fbe75f9b17444605c3a8d8083d591fb7dbb46af5ff243e82143f880
questions/page_1380.json	question_page	32924	50	075d6f36de6435bf3d7890698f54ee0304a18c94117fc54b00dd3e2f604bf33f
questions/page_1381.json	question_page	43407	50	ddc98b620965ea6a5653682a9411f300f7a4d2ad2b9d82fa189ecbc2cb2b1ae9
questions/page_1382.json	question_page	44626	50	2daad6048424ef5bdaeefa3447b7fdf56f80a3e5ebdce578ea65e5d7d21c7802
questions/page_1383.json	question_page	42601	50	a8321e1a6100ee0ec95339e084200e564aad04b2764f75609e739e3bae6b578b
questions/page_1384.json	question_page	36536	50	3b817863491ef41d773e047d4f19dd8480c792e22dbc7aeddc0e356fa2ce24dc
questions/page_1385.json	question_page	44286	50	b0630c61b884d71bea756908b772e69c44db51992f35f37d91f12f45f5d931ca
questions/page_1386.json	question_page	40065	50	5210b61ae314cebe40200205d8d6a4cf9d754b6f3a5dd43233411c95b0f58452
questions/page_1387.json	question_page	36924	50	f960a55c4263eac1fe316a010c9114285250e53d25be77bea1d00449e91b5842
questions/page_1388.json	question_page	39114	50	560f92783505b0f14bced88eb774bf7c96bdb85b55f57db87f99e0d106179a69
questions/page_1389.json	question_page	43219	50	3dcef9073ed96b5c668ffcff47c9e498eaf36ebf26b6bf6f13dfaa40e472bebe
questions/page_1390.json	question_page	38593	50	6732a4e5f571b87444979c7a8803b8f22734f2aaeb5eca83227e1709793caa7d
questions/page_1391.json	question_page	43466	50	f73d5ddcbf81c800cc7d2bea6db2873bc404c78486bb66333acc0e51eea7c229
questions/page_1392.json	question_page	42593	50	2384962e79df219f713385f686daf4f69ac32f91b5408e72efdbb33c0a84b78b
questions/page_1393.json	question_page	45766	50	ee421181201635b84c291035ee109bfde2ed89442eaabf8d5f6bc412299bb039
questions/page_1394.json	question_page	38770	50	768a12ddfe33f625bbb3388fa07b8dfbbb0ce6bef09689dc650dcdcc17fbff31
questions/page_1395.json	question_page	42603	50	71b2ca2b5e2c647f4f01772ab3b2f518eb9ead9133d7c7f8a49331a8199d4242
questions/page_1396.json	question_page	45789	50	bb91da43d309579395ea1fa932c6eb15835c727a20e9b2cc753ac9aa5e5438e4
questions/page_1397.json	question_page	44368	50	28a391e06fb7b6574dd881079dedd1b6bb09d7e9d30d9c18a2865928b501447f
questions/page_1398.json	question_page	38291	50	a5faae437725c8aaf814b010cf08df7d02da4e3702c4e4eff37bec6335387924
questions/page_1399.json	question_page	36957	50	3a692a98ef7d892c699077d3af7636715a7da8fc20f71aef18d963461ab08e04
questions/page_1400.json	question_page	44907	50	4302fe7edd0105743c08c9588d15819c1c588d39475775e388bf681669cfe324
questions/page_1401.json	question_page	45403	50	6e3f7b505b4dd2ff08f0283dd00ce8c24bacce3f1b0b9fb8f33757f8d9dcc5ff
questions/page_1402.json	question_page	45019	50	e169f9dce88c1d899e87b3b53f246cca4d1deac3c1c4d9584d161f53cded6cd8
questions/page_1403.json	question_page	48488	50	e938e325ab5c7a817f3d2e4a867ade5a340c3f55019358f9c8bddcc633b92af4
questions/page_1404.json	question_page	42033	50	f5df03cde9bb0f29f4e1c55794829f7255f9d5fab0eed0bf42c1041b2c5a6aec
questions/page_1405.json	question_page	44058	50	19d844a7789c6753622c1550847e694a08b4ff19ea608d293d73a30a8c60514e
questions/page_1406.json	question_page	36333	50	ce03e65cc6aca433338cc7d2e927ac11d0524f58bf1d88bebd245a7df167ffa4
questions/page_1407.json	question_page	41124	50	9891cb1d70022ee59b3d88aa7f05517b624116536bb99d4fbba4aa55e700926b
questions/page_1408.json	question_page	46698	50	a9453bcee4056fa87f390ef72202e4fc8460a0765cdb23ead8b7afc3bdcd4548
questions/page_1409.json	question_page	36888	50	6f813c981a7bc29c1768aea6cbe935e67195442898158793a5cfe882cad796b7
questions/page_1410.json	question_page	39030	50	a397ae82a3866798b2641614e49f37491fee8a48df81ac34bfc8cc55136666a6
questions/page_1411.json	question_page	40213	50	35556e01f2726bb1b591cc1de74fccf84d5d09fbc06ba13ef9463c1c13648640
questions/page_1412.json	question_page	36491	50	14371301bbe3783ff2b4e3e3095547c1c679e53cf2d2a3dba3b6a2c3675356fd
questions/page_1413.json	question_page	44959	50	04a4474e6129a8a4b19612caa8497dbdb1ed48527666db9ddb93e48c5ef688e4
questions/page_1414.json	question_page	39317	50	0738c81ca0b905823e73c6195d5ea4d02c8d5d0f32d83e5e73ddd95bd8d00d5e
questions/page_1415.json	question_page	48793	50	614b756a29cdd3d339dc38af4d085e6aaeaceb1f95a2b24310ee59743554c76f
questions/page_1416.json	question_page	44101	50	070c1a296c728a6b165d519a4b51eca16b9b96556c23895330d792d8fab61071
questions/page_1417.json	question_page	30549	50	e909a986efb0a14e21b51a7dc1a974b156e1a7a4710554f9aba50745f4ce4051
questions/page_1418.json	question_page	38565	50	04f0520b13041faa321b1696dd9a26e5c23bc6a09c9bb4f503713ef698978ee7
questions/page_1419.json	question_page	35420	50	051342f8aa1406b143ca2eb60a081bbab3910ff8da770dfc0e79982b21aa713c
questions/page_1420.json	question_page	36255	50	ba64d2803ebaefdda4e3002dfc052f6b998fbedae7a98f1b6d60e3e4cadfd0a4
questions/page_1421.json	question_page	34926	50	bf5d0e8d9e2da26272f8470d5d219564995b4672adf7ca12afe6bdb9b2431bca
questions/page_1422.json	question_page	38094	50	c0cb0cef5da50b6df110f0dd754a2fc7e45f1a002e084d79ca2faf56286622ba
questions/page_1423.json	question_page	35207	50	b3f8e0f6a6c922932376c7c6bf4809ecd17e12ba400880ce6b298846054ce11d
questions/page_1424.json	question_page	36134	50	7d6aa9e6358be92762035423afdfbd3bd6e7152c4ad6b4d15d83ed0bd3f2f8d9
questions/page_1425.json	question_page	43297	50	b9e2d174fc9fa782d2f1ea5d20ff19f16ddfd032a503c5262021745b46a879d3
questions/page_1426.json	question_page	34438	50	ee4b0e810e62d43ebf7c458565604d8a3124bbf83848614aa213cce8f3c30e96
questions/page_1427.json	question_page	36707	50	2b4ae482b959d693652d4be8bef7bfbe6dc1d2c3663edd7ff1c14a71b42b6a0e
questions/page_1428.json	question_page	37055	50	9826e07ea0164676b527d4421efb291aa945e0f83fcd93ec1db68bba43c41ce5
questions/page_1429.json	question_page	34075	50	90eccbfcf046fa45ecbcdc1978d2fab7f85562edc5d33e569711020cddea169e
questions/page_1430.json	question_page	36617	50	4817abb006f8c42bbb80024905934ffe41fdaa2d9b9e36216eaa51bc6bbade94
questions/page_1431.json	question_page	35621	50	96e9b3924670f0a68e08696fec99d9d0f3cd2e0800ae59855618381993e18026
questions/page_1432.json	question_page	37732	50	a6d9bf1c70e5a2eac4add8fb2df89c9e63ce12c52076609448673163222a23b3
questions/page_1433.json	question_page	41530	50	9216d9ebe1a4543149397d83108c1fb4fe235dd169a1caeeb5ab185d9c120afb
questions/page_1434.json	question_page	41233	50	146806d504fcdedc547e5fe2663b122801af61fee10b496aa160fb73995147e1
questions/page_1435.json	question_page	35663	50	7b2df3c73368210f664f9fea078f7fe58373a53c4c5590b425a0c0d61bd69712
questions/page_1436.json	question_page	34690	50	91575248f75db6081953e59be48982ea2359ecf2127208f3287d34b4843ccc97
questions/page_1437.json	question_page	37437	50	b5d6012b3bd2742fb1dcad67dbd7510ff128be1a25ccdb7fefe3d4289ddddb59
questions/page_1438.json	question_page	20618	50	46fcd64d54cdfa9154625776cb4baf0785f53be52c1282146b45a982c216fcfc
questions/page_1439.json	question_page	21211	50	b82e1e768019769ddf4097b084cd6d30a4699867cab6ca9dc50490e1da384978
questions/page_1440.json	question_page	20800	50	875ccab2c7386161002f9e0f0334816c469e4c4339c42cb028e47ad28df4ddfc
questions/page_1441.json	question_page	22474	50	7044d99bfed62bc47130483136d9365b3f19cb91271befecf8dbcd458af5836b
questions/page_1442.json	question_page	24877	50	2d07d1bd3251c9d0f6f620da17b90b5ac397e3a6933cf5d703c0bbe440c98941
questions/page_1443.json	question_page	17143	50	c3b5991582ffb4490e7381184e468e9dfd96a61ff596b420c32983bb5a5bfa90
questions/page_1444.json	question_page	22701	50	09a8fb157477138eb833581e3e6f7d1a75edaf14b8dae11124f8b362ff9155cd
questions/page_1445.json	question_page	20060	50	1f7acf42cc5de42cc007729fedfbbc4483821eefbfe9b9c032c2c36c68b68088
questions/page_1446.json	question_page	20483	50	1b6157fc0f78b803300f4c8f100859235bd24861afcea816a4a51af2348d39a3
questions/page_1447.json	question_page	25160	50	8252dcd8f18f4535b1299362a9562108a04a233de25e5af7f1029233fab3c3de
questions/page_1448.json	question_page	22238	50	567f9c77a2bfb56cfdfc16749e924a0750beb087b4342d4cf01956ea245f4bc3
questions/page_1449.json	question_page	19987	50	9a080ef55a64e4cc033ee76f88ac1e259b08267f77a7a61ece5b3da004fbde34
questions/page_1450.json	question_page	21803	50	5fd38e651fa9e258dc679cc5e5b60dd39655127eeb93687f5278e338c8ec8054
questions/page_1451.json	question_page	21563	50	0b7879f9152afb9983570f8defdd7367ea06465bd06b8b0c7ac870f7beb047ea
questions/page_1452.json	question_page	20462	50	f2c57b28a0afef4e4f56882e309f809f0eec8c217585e6e9ea6206d94a258e52
questions/page_1453.json	question_page	25428	50	13e86e51e5fb3bd022fc6a4304e6cec706bc591c16003ef9d96af2d4b38e0a99
questions/page_1454.json	question_page	22128	50	70246e89ae4f63e52cb5576736ea2eacb9be18f29095ffdacc8a42f5e4c19835
questions/page_1455.json	question_page	21387	50	a6ae8812c4db3ac1ecff0d3eafc3df9c9de6b934a17679e32a260d515f4b64d1
questions/page_1456.json	question_page	20863	50	f9956f1a0227909b3ec315931d32da19ac128804359bcb4aeec05fc82a0c54f2
questions/page_1457.json	question_page	21748	50	bf641b3127ff9d73f83e013f43b107e3a1107fee05db58d84ad5bd44b3bdaa18
questions/page_1458.json	question_page	19907	50	7e637047a8b4fc99a873bf3af97eb522c53a3acaacd2d3f91e7d2141b8ff198a
questions/page_1459.json	question_page	22850	50	1b775b68d0dc7da63873549eb98a76e73ab852e82753ecf9a5e04366cb3e1a9f
questions/page_1460.json	question_page	22500	50	3e8108872b87092f04408b1a49f73bb098525c34b3ff12f92699aa641a581fcf
questions/page_1461.json	question_page	20947	50	e020266950d78429b16b068ac1a40c8a502b363e2a16aa563829185586c14635
questions/page_1462.json	question_page	23891	50	2effa79c9069575c48376994700236aa2ce4807cda0a44d4e4f3d10d1f583f94
questions/page_1463.json	question_page	21781	50	e4f2bca7baf1ebc34bc821249abd467954a5189e2d06b1c5aafb8a151210a7b2
questions/page_1464.json	question_page	20670	50	1c2e25158fbb524ae39e12dfc700d0eaf05463b4a257096ff4801ff3fe20852d
questions/page_1465.json	question_page	23576	50	e1444a94821dbaf939af13889e377adf0251991c3d69537dbddb590d4aa12401
questions/page_1466.json	question_page	20046	50	e75734071b89be7ecc4db0e9ed1ec8efdeb62374d694bd954b48ebb91572a955
questions/page_1467.json	question_page	23947	50	468d87244505803b97fefdab21dc2c11f03e636239978611c1d41c19753c3292
questions/page_1468.json	question_page	20001	50	66595d1738a34169a9cf3a8bc7972330c2136345e5471d3bac2d9adb9d21fc8c
questions/page_1469.json	question_page	21295	50	9f5a36bbc4ced165734ca2de37b4ef62c7479ddbede1d57fcbf4c7a321587f31
questions/page_1470.json	question_page	23461	50	d27cc12b62079784f05bff9aac05afb7cea33eb675cb3641301c92168c03a381
questions/page_1471.json	question_page	20031	50	74641997b2ac13dd7990529affebe9a08d1b5d14cc07cbe57f725eaf43922099
questions/page_1472.json	question_page	22093	50	c4df11a9655f11763992828a678889dee6f7e7deb579e1e3c1b9eb7bb50009ec
questions/page_1473.json	question_page	22991	50	f18e2c1f283d36530d636e72da022d1f4764e438edafec7ca78b0e39a82936cb
questions/page_1474.json	question_page	19900	50	e110fbb87cef1507e9ca11ba3ae5b4e2602c91d3436fe1cfa7a9993aae3eda3e
questions/page_1475.json	question_page	22413	50	e990edf3165f56604ba1266f51bdbc59c86f72334eecc6d4c26e3541e6057f40
questions/page_1476.json	question_page	22308	50	cf1e51be7d22b2b708e7a6e043506fdce9188c4ba195da4546ad6219f83da400
questions/page_1477.json	question_page	21374	50	8edd7a607d03553d461c71486b0b86e989b678bc71739a22d8c527e2fb96e6e5
questions/page_1478.json	question_page	24000	50	6dc471007a62f524dfc3756de9364508f4d1242204bee25d40ef595fadd9b304
questions/page_1479.json	question_page	20818	50	9f2cb972e5ef21c2f98cbd10580c42c89fb3118ab16b0a4439f3a78c3164bad3
questions/page_1480.json	question_page	22279	50	323505656921264267425752cb1e90ab9297fb869edd5845c848c769f59703f2
questions/page_1481.json	question_page	20802	50	4ddfd52a6a01e443b529fd2ecf8d05698b71eef1008a717c482fb156ff7f9767
questions/page_1482.json	question_page	22227	50	f4e02bd395c39433f357b5998b0c6abd450a3a26bdb6780b4f612272792ffa19
questions/page_1483.json	question_page	23548	50	02b5bde35a7f27e2242f9f3eea6068a62c4561f9d928f09291d5efb80773d120
questions/page_1484.json	question_page	23418	50	2f530533882755039e4fb4d23433e6a61c924941ba7a0b940ab9bdfb2e2b21f5
questions/page_1485.json	question_page	23203	50	f3a3a189f8dbed73509fc81366d51128d96ad7ce13dc8a475e5967691ccacf02
questions/page_1486.json	question_page	22983	50	eded869f6b4f72b7eade4474c1045a6b8e6163b6060ec9c2eb91fcfccc907bb7
questions/page_1487.json	question_page	19912	50	80af3a804af68ea039500155857bd898965ea4e085c50315811d9a178bb1e49c
questions/page_1488.json	question_page	21300	50	14f6f2a85eb66d9b800810d2fd42cc352ef6c3282ddfa3babc52e1e2e297f66b
questions/page_1489.json	question_page	20604	50	a34359182b289b875939df279d38efed66cd6bd8aaa95aba6c541a1522829466
questions/page_1490.json	question_page	22062	50	bfd0c9efe6eb9fbf1ab363a251c26e061e4126b369b018ace4b7d8894ba4b4c2
questions/page_1491.json	question_page	24582	50	43a2db3dd5eb4578070c4fda1b8e312ab3258c447e18cff50056e3f1f146c382
questions/page_1492.json	question_page	21055	50	72f9645e27bbe2e50c596ac7d9a9148e67ebefcdde4886f1fa0c886fde9a5dd1
questions/page_1493.json	question_page	21757	50	fb35b4bd303177ff4d12c1db0cad10bb0bf63ccfd4c78519e5f8e64f852d7633
questions/page_1494.json	question_page	24219	50	589bc51d41dfeb8e3861346c4b94f313bb172ac5a762ca99d67b0df4e4634d37
questions/page_1495.json	question_page	21490	50	55cfb21a90b1d2f0819f129e4a20d97d6685b8414216c9c1dbe73b1397696081
questions/page_1496.json	question_page	21379	50	bb8687b8cd6d634826b36f36bfb0325868d028958d580ec9d48e426dfa02795a
questions/page_1497.json	question_page	21493	50	8e9f5ce9d88710ec3dd926c627e702db559e3e1adb707974497b0e51a6c7b4af
questions/page_1498.json	question_page	21717	50	99d63e29a4650fa222bff414313c0fa2e5fb4c3ede0176b0f81a7cfc864bff81
questions/page_1499.json	question_page	20970	50	e11c0ac2eedbae41bcec3694ff053923428e6fe601534e93366aaecc55f8cd43
questions/page_1500.json	question_page	22830	50	f7875a8de06ce69faf9a3704715ad8835e0f1f36221997874289a5eacc04ae05
questions/page_1501.json	question_page	21796	50	40c6850867222274252c727737b363f89e0df3a49e5df055c45045f8adb19ed5
questions/page_1502.json	question_page	21176	50	c8794335c11cc63909c7be95b6b33a810db96c9a7b10bdb625726ffb3a1f9352
questions/page_1503.json	question_page	21346	50	4034a1b2bce0631901fcd46830097d213571907db2b90f1b8bce79b4a83d7b90
questions/page_1504.json	question_page	23242	50	b6b8367442d9df8e85bac244348fa5c8a905d1182733945875e45f26ec5b3bb4
questions/page_1505.json	question_page	21245	50	1a07697e846f4473f22d61f49bc6df4b5d85f7b2829b3256d5057cd000b2937d
questions/page_1506.json	question_page	22387	50	df92c2a55598a37927426029b3edce66135d1ffe502cae2510a924c8ac0c05b9
questions/page_1507.json	question_page	21585	50	a019b0b7631c7ef395ce94d0b7e0f898be46aade28aa693f59d286025ddff5f0
questions/page_1508.json	question_page	20215	50	d2bfa3587408697f63b32a0f7b1a0bf9bb3bb248cfabb6b1e4f3c654c0c60e4a
questions/page_1509.json	question_page	18638	50	001da475576fe8711a66ab547d3ce0b590566b6580bf4ed944a01fa859eed98c
questions/page_1510.json	question_page	20658	50	ed24623ebda2f157e2d4dbc67147b95c001b915739453677ae41e0125ea80dc7
questions/page_1511.json	question_page	20344	50	623bd51beef40e4df9c40200052bb201317611811e04c83fdae76b8ac15de98a
questions/page_1512.json	question_page	31881	50	a4dbe93eda7044e236b8db3a7c9ad07504b93ac0e0ef870dfdaf928100912bad
questions/page_1513.json	question_page	20580	50	395e7505a7874dad0fbcf414a315e241c5c0c6faffe24b371fd32a7dd52be7b4
questions/page_1514.json	question_page	22716	50	30f891ef53c19f5567e96b5166f193435eb77a84663285e5f46ec2389f4ea6d7
questions/page_1515.json	question_page	44933	50	12d6569abd393dcaa765afac1a27c0dc2fe8c118271cbeaae44a6fe8f572e3d1
questions/page_1516.json	question_page	62159	50	b7a7cca17189b47003d9a213cc325828bc6764d23f45f63d57be70898cc0d615
questions/page_1517.json	question_page	36541	50	50aaab7826fd7570b017402736773e850eaf17a5156fe4206a4b6c58a7fc218c
questions/page_1518.json	question_page	19686	50	188cab1eb43a58538cc5ee0b432ab501cc276902deef7f285a4face42c304568
questions/page_1519.json	question_page	15506	50	d5fe0b5bdec3904c711406d799d493beeb1f6d471db7f4f7c0081dd464a45684
questions/page_1520.json	question_page	16631	50	7540a4de0f8cfd1487e922f67aa46021c0f2bd07d1fb1b4d85ffe5c24ce8439b
questions/page_1521.json	question_page	23865	50	55ca38d7e1d0c722312cb3821f47c25fd47a5e2a0b855bd215222cefda5be1a8
questions/page_1522.json	question_page	49941	50	0fa5c5de859297a97734048f773ded63024c00f8caa9ebd4cf0218e0b4a56e7d
questions/page_1523.json	question_page	31220	50	63debf04191004e5e021ad9b2e76117c002af666451938efce5844390e640c3f
questions/page_1524.json	question_page	106448	50	e0ff6710b5d71778dbec5762e47e2d49136923e8278c7423f93bae605143400f
questions/page_1525.json	question_page	30463	50	f1bccc07b03661b365bea5c5cfafd91157a321c319daade69ebb5d425b8d3d47
questions/page_1526.json	question_page	17536	50	8a8c1df7b13da38a2f07546aa616b5375527e62eab62eda478eb9c352908fbee
questions/page_1527.json	question_page	15648	50	6414a1188035c70639826f90fbfa9718d7b3a31e328ce3dd7de6f18613791268
questions/page_1528.json	question_page	128530	50	762e2cb7dc8eb7c2d10a102011fd4dbdecb88cb1ebc5793dd21d73890542c45c
questions/page_1529.json	question_page	93343	50	b820fdaa3f7c140461e0989981c3408f02fa489880ce273b04c590d2e50451b3
questions/page_1530.json	question_page	54778	50	845923e461cffe5a5591df9c4adfa7ab53231db8e21775d55c2bd712ba8af324
questions/page_1531.json	question_page	83354	50	cc4833c80305d18b963b1e581341c2a4fd6be58c90576ca9eea4194f8489419c
questions/page_1532.json	question_page	20277	50	dd3e28867368fc0fa98e90f4025e59714b58b258fcba775e3ba27b4b2cea35be
questions/page_1533.json	question_page	16772	50	b8ff2386f4e46248b6cd9a2e6cfe5796b093e511c95ccabab074da463460359e
questions/page_1534.json	question_page	18940	50	d1307da2cbacf94ef37930d23f6cde5a2b8236f8ff1bedc2854c7961645ae918
questions/page_1535.json	question_page	187643	50	04a847d51135750a0edc60e34c0c387254811bb8f24af9bec10687fe7b9041b1
questions/page_1536.json	question_page	108454	50	db988bbc9d54a57759846e64518e64241f18fd843a52c21d37328a79545e7a7e
questions/page_1537.json	question_page	108658	50	33101146f2a60771b69b7ec61e1aeca7b0765bb464d3b2fbb470f1901955d338
questions/page_1538.json	question_page	166067	50	5fdc3b6505a4a57157a08514ce2a20f583a71f017e2a24ad24c3ae32bb024d5c
questions/page_1539.json	question_page	19853	50	d021b542087c391079083a224d059fa0f2c082a02b7294ebf014bc8820937ebe
questions/page_1540.json	question_page	16896	50	f7dec2db029e4faa49f3755a658afacaccc4bd11730f78046090904cc8660c50
questions/page_1541.json	question_page	61837	50	602e6711f594df324752fad74b3180f88effb8f504525f39bdf925d96e0b4e11
questions/page_1542.json	question_page	99477	50	9e61237c687434268283fe7d6da18f1db2633bea6a9d08a1d0aec929191c1ab3
questions/page_1543.json	question_page	65832	50	5c797242c93f85c88c684074720c64887070d3b70a5307abdcc74569c0600fa7
questions/page_1544.json	question_page	39777	50	433d9c04c57bc281704239b96ee0a0b806f1807a8adcb00314a2af35d0c487bb
questions/page_1545.json	question_page	20632	50	ccdedc2ed85c6750bf392f9e6a258310cb735d20d8f090a8cd695f50c0d3ba99
questions/page_1546.json	question_page	18003	50	5621e6a89dfab53b31e4c47ec5a3902e3783d64be3a244bb1cfc21124017337a
questions/page_1547.json	question_page	16962	50	2e1c8055a87a292b427d736d9168dce985850d4670fc5c385a7b0a02ecbe57fd
questions/page_1548.json	question_page	31115	50	3cc49afef07097870ca25e6e377f88ea1601a88f673c507434863dd1a63d44c5
questions/page_1549.json	question_page	27178	50	e00169678de50f450c64ebe6d280fffcfeb7e05c122ac21f9c2464e85a13f508
questions/page_1550.json	question_page	19553	50	19fc0576720731d08bc99e705339174949be26b27e37efb37f43d74bf15281b7
questions/page_1551.json	question_page	21255	50	11a36bba2f51fe40310e6b0a0a3f05965120527652eaa53d5eb607bd62f0542d
questions/page_1552.json	question_page	23550	50	16b2c4fe03dda2ec010ba9856c3f809c5e41587a2f9f5ab9555f007e175ad250
questions/page_1553.json	question_page	20292	50	1b2358cd36474301e8a8096ead546b0d10cff0d7d48ca7799b4f183257256e72
questions/page_1554.json	question_page	25317	50	ce51df44e1266b83193a1b2bb0dead8e30a3f639bbd49f7a5d1b22a342afbe6c
questions/page_1555.json	question_page	20151	50	0c7b4a3486dcd545f862fb6654382837803ac6018df33a92e42d8ef4c69effab
questions/page_1556.json	question_page	17857	50	5ea8973966146df336aa2501f5b182603c5d787f471eae426688e66badc36ba3
questions/page_1557.json	question_page	17830	50	6170457754f172aaeec7eae4b91170134a03655c2e877818bc56647c5bdbc8cf
questions/page_1558.json	question_page	18643	50	245fa342584405ff1698f9a598a7ed4e2f96242eacf9bdf9ccdd341ed4b76ad2
questions/page_1559.json	question_page	17993	50	2e831898c28835d7b305a9ada9817cea7d0879729abf148efe73fde51c716bf6
questions/page_1560.json	question_page	15497	50	ced0034d49a4d3bff41e50e668eb8573b146a8736fc72fa7d1aab5ec70d93cc6
questions/page_1561.json	question_page	23051	50	f8e1b6eb3b35e10605016ecc6e080fee6b10d113a7b0402bbb4b502c90ee59a5
questions/page_1562.json	question_page	46311	50	5a9533e94c73b5804c170fd5de464fd707a5422bce0b2b77517a7ba44a50c8c6
questions/page_1563.json	question_page	24160	50	a70219401f0dde89139492d68c3816294e5a6e2b4d68c6006f00471d612ed1cd
questions/page_1564.json	question_page	18328	50	fb5f78997826b50f552b1fc16db2a9566251032a1011ceaa1171e729a15f204c
questions/page_1565.json	question_page	21351	50	49c564d1ab8e07061ff2c45fe6a26b1c4a9f5d3a1e992c2499f5a05d2405e257
questions/page_1566.json	question_page	23398	50	33a9253c65bde6a16908e21e562fd7dcbe067e753ee5e2d63ee88a065afbd061
questions/page_1567.json	question_page	20790	50	5304b3ace7409baaa143d03b6e0738405f4c93627e128ec9fc1ec5f5246ec6a2
questions/page_1568.json	question_page	19744	50	9074e65c34146e1f4e960e902bb4ba8c1381f688756b4cf6801f4761d371f120
questions/page_1569.json	question_page	19051	50	0d311dd3b632618169c08a847c1736173563c7487a17785f6a026488e4c8cb00
questions/page_1570.json	question_page	20685	50	3164709c84de7864f981ea1586b68a9d90fae6fa24539b22d63ab03313e2c34f
questions/page_1571.json	question_page	19576	50	b0b0b3def3f0e618494767389b015876eeb3be381339d8f1c8a39d07ba076930
questions/page_1572.json	question_page	22695	50	24eed733bf4180d677c44a4249e52004c7146de034d7591dcad895b70ec5788b
questions/page_1573.json	question_page	25709	50	e53bdac3bc544aaf4584578b3103ae2c4d12ea98ce387587a483eb139fcf6d03
questions/page_1574.json	question_page	25551	50	fe8b15d9d20bbf649f173634ef4b62335ec8fe666956c7608c973a036848abc2
questions/page_1575.json	question_page	22579	50	3e4000445dd6fbff359dd899fd1095a8e3dceaad975e6599d961569526e78ab0
questions/page_1576.json	question_page	22884	50	3894b2d770378746913728cde69e24b1e6ddb8b5c45d6c80d4e782c317469d4c
questions/page_1577.json	question_page	17924	50	78231d247e1786c3a9160ce8644e5cb445db260dc13a112c0e147ad010b31ca8
questions/page_1578.json	question_page	21506	50	4dae63e608c29b07cc427f5fbcb1539b92f3c8f097ba24b342ca92e1b4472b5a
questions/page_1579.json	question_page	20667	50	64139a5a830df0e09e50dc5a06b58b22e721c1a1457fbe0df15851c05df04ed9
questions/page_1580.json	question_page	28290	50	1d0f491cfc75550e1be2665726a98de87ccfdaeb36ee3735051ead68540e1752
questions/page_1581.json	question_page	25823	50	b94d4a64560bb5ee236e65058e4b0ac95930d56784f809758d8b01864247e189
questions/page_1582.json	question_page	18463	50	95ff22e33898298a958cb57eac48027b591babad5a2f4bc747c1c1ef5612f38b
questions/page_1583.json	question_page	27459	50	0c633893f92f3009857bf3e5f12118f79dcc4572a01a4c66de0ceb8a6916812c
questions/page_1584.json	question_page	20884	50	63aeb867335ab2d83a487d805e7fbc9cd766241847e6b2e0fb7dcf0480ca2ef3
questions/page_1585.json	question_page	18638	50	3b8328c188ccd7910f45469acc0b7963ee45e333ede89eb3275b29c8799ddc89
questions/page_1586.json	question_page	36574	50	a05deab0c301ae502c4cf708b05217558cacb21032d149c6d201fc0cf8813c3e
questions/page_1587.json	question_page	45744	50	c1b1b848f1b4e0844bb1102beac1ceda7d2676ab70114162c1785a22e090c41b
questions/page_1588.json	question_page	61348	50	4794af74fd36e34654c7dba6b4cdd2d20300da61f2952825a5be4ab0c2939616
questions/page_1589.json	question_page	27342	50	55558d54ecb8633453fdf3d40c5479a13067aa5fac69be3f74420c6193a1ca92
questions/page_1590.json	question_page	17605	50	33b2bafd745fe413ed5f92e575c69379cc17de4eabd555d8fbc65c15bbd884a8
questions/page_1591.json	question_page	18090	50	e8bce5a427e6b1b1e0cb7731dd5e599545420b880cb8cd54071b3dba69dc9992
questions/page_1592.json	question_page	16626	50	5fad9ed147bfa5bd6741a9e9b69ca34b046a6c7cef8a2fc993fcd3216b9d289b
questions/page_1593.json	question_page	23703	50	66184551747ea580faf6ae7ead85d3c75ba627526d4af35d60de9990b87f4af6
questions/page_1594.json	question_page	20610	50	7eb9e8013e4cd784a351d31e39ee98ce1df3f2dc1ab7864a318aa43d47843dfb
questions/page_1595.json	question_page	21006	50	cbd982587af7ceaf216c000b8b9284b7ba9def757ac81c53bb1c2ca4fa94c22c
questions/page_1596.json	question_page	21882	50	bf449a26cce1505bdaa76a7c1a30a41bc98cd86331da082158f4a5da6ffea90c
questions/page_1597.json	question_page	16300	50	144c5d31948bd54f5283f888e8ce40c76c9756e2618c182821ec2b19e8a6610a
questions/page_1598.json	question_page	17409	50	43e926f398c043aa772b0e3c06ed07a57a79c7dab98f0dd191476620ff60ab77
questions/page_1599.json	question_page	26153	50	90c98a9ec2e243879b0b20f6accca27a33c985ea444b132371655910da859eb9
questions/page_1600.json	question_page	20914	50	cb06d61695d56a332b682f954c6381c8a4692cc4239f0f15dce9094d8f65d52b
questions/page_1601.json	question_page	24384	50	86986961081a075a741383b715662590f3c97e74707f94e33f827c8d5333f243
questions/page_1602.json	question_page	21813	50	2a96398b96157186a93621971e1d15ba2dece7ba0989df9767d8edfd3b95227c
questions/page_1603.json	question_page	26148	50	9689decfea27447b2bc1f500f1706e2b72a61ac9f07a94a79c0b835d28541bae
questions/page_1604.json	question_page	5277	12	23074e2655f92cf1b16a876425f6ec9059a1a59939560a63ea1a16c81f6d4781
responses/question_get_archive_filters.json	endpoint_sample	21295	4	ff4101f3375d290ad198ac04879b1e8c19843d86a2f360dbb4da9451eea7e743
responses/question_get_central_result.json	endpoint_sample	394	4	25b04298db5cd8b17e8f735aba3130a1f96ac9b0ba1165be384d26f6c017501b
responses/question_get_result_filters.json	endpoint_sample	21294	4	123643785385c205a7745e9b9b17b55792c6fc0cadd5643da8b75696906fc1f6
responses/question_get_routine_filters.json	endpoint_sample	17418	4	f37eb47ed42797e411f3df1c9421700c2ea0cfc4ff13eb4acd045c9266560010
responses/question_new_get_central_archive.json	endpoint_sample	25573	4	15a7e6740c1abef05d201650c117f6a96f10c3960c746cb8b5c126ba6900fbd2
responses/question_new_get_central_routine.json	endpoint_sample	27324	4	d8d4dc289b8aea1524deef612142c58b7dece41148bd0399a87a1e5ea4668325
responses/quiz-master-custom-topic-list_0_.json	endpoint_sample	3946	21	cdfde49a3cc69fd391bc0d672d9757668f179aee10a60ed656a65cb3152db623
responses2/faculty_service_get_faculty.json	endpoint_sample	4760	13	87fc14130d0c1160b511219c1d876b1ad60314ab4aa27679571284ebd94a5162
responses3/archive-question-subject_6.json	endpoint_sample	45295	0	f6c05352a28ec8c49206601066da01b9a123348ebb5a142785745e6beb86cf93
responses3/award-mania-home.json	endpoint_sample	222073	24	dca7e6c4302c8de6651176eec65e998c4b62d9b8284d08357e1a401281ebab41
responses3/central-favorite-list.json	endpoint_sample	5263	67	9ec2759ba74f30b87301769d5dce58f8f647dc5d05f26dac9092bfaf17ae2a9a
responses3/confusion-series-list.json	endpoint_sample	20726	44	3da4e347ef452b742033e285a0c44571bc43cc36fb2bbf771c818e1f06ce0d9e
responses3/customization-mysection-view.json	endpoint_sample	16811	12	60841a1a32247405a8329d5aeb5e326ba92ddf43f1a476a2c1407b2b8bd66636
responses3/dynamic-panel-subject-list.json	endpoint_sample	8463	3	0e5150d58e1ebb830c7bbac43857dd3d10430d7d6b041b7426c1979ebd406949
responses3/exam-view_17176.json	endpoint_sample	172176	8	64a00f8d8fa1abec4b9c997f4ddaea4352b9bf09732f2702baab60f47daebab7
responses3/faculty_service_get_faculty.json	endpoint_sample	4760	13	87fc14130d0c1160b511219c1d876b1ad60314ab4aa27679571284ebd94a5162
responses3/lecture-sheet-subject-list-new-version.json	endpoint_sample	4703	4	13a0d30fe0941d9a9457bf8fda60496a7722e36f5ca7332a9b91759910fe22a7
responses3/live-video-list.json	endpoint_sample	22	0	6429cc36cbcc83f755a272d3298ee2abb864f15a54628b6d74ffca818f83334c
responses3/live-video-routine.json	endpoint_sample	52681	78	f80acc9e1258fe5c7c30d723959551d43f2ec4907f46840ee893272fd4a1190c
responses3/mysection-home.json	endpoint_sample	452	1	d1ffedd2edc2887733acfac97d9eec35d50eab6b2d7fa8d3ef420e7f023449de
responses3/omr-instruction-view.json	endpoint_sample	165	3	f89e9ed30eb4b960099afba71a0f8d882a181414412887cfec2d71edf1e5cf1c
responses3/profile-package-history.json	endpoint_sample	422	1	ad4265abf7816cfde8176f2ec2918704ed16661fcc49bee74e5ac2997a4776f3
responses3/profile-update.json	endpoint_sample	664	8	2ae015a1f45882a78b333fe4e2c56eb73cdbd92d619a47a70b6b6f9fd0b1cfc5
responses3/question-by-tag_1_.json	endpoint_sample	34170	50	01604fbafe24aa99eb6b3e061d3473b2a32b7ebcb935d9a30c79a628df348f54
responses3/quiz-master-custom-topic-list_0.json	endpoint_sample	3946	21	cdfde49a3cc69fd391bc0d672d9757668f179aee10a60ed656a65cb3152db623
responses3/quiz-master-regular-quiz.json	endpoint_sample	35503	20	5169c54e329a50ac639c9719b6f93f169702890ce8f3e03f4734256bf53b0be1
responses3/referral-home.json	endpoint_sample	179	9	51ba5604ec1b4319733557264a6d07a76ea49648ee1bae19c4cd357a914c490f
responses3/suggest-question-v2.json	endpoint_sample	1170	10	5e68db1af8400e3e01900ed43b115e81560e3282a13a334a8f8d3a07e43018cb
responses3/user-packages-with-discount.json	endpoint_sample	73720	8	c340cafbfc9736b647572a70e011f7f04aab49a4490a5cd073082f4f2c36db8e
responses3/vedio-subject-mapping.json	endpoint_sample	747	10	2aa2bd6580919cfa48417c4196d202dd8c0847ea571c4d3e88bd6d85aceab4dd
responses3/video-mentor-list.json	endpoint_sample	5786	110	fe8c4766dbaf8e386761216f79696de1e73edeb51864e0823b1c733a9357f04c
responses3/videoseries-subject-list.json	endpoint_sample	8882	75	859260cb1773dadcbc0c57ca913c37200769d12f20a673410e435ac653d43fc9
